credit_score,gender,age,tenure,balance,procredit_scoreducts_number,credit_card,active_member,estimated_salary,churn
619,1,42,2,0,1,1,1,101348.88,1
608,1,41,1,83807.86,1,0,1,112542.58,0
502,1,42,8,159660.8,3,1,0,113931.57,1
699,1,39,1,0,2,0,0,93826.63,0
850,1,43,2,125510.82,1,1,1,79084.1,0
645,0,44,8,113755.78,2,1,0,149756.71,1
822,0,50,7,0,2,1,1,10062.8,0
376,1,29,4,115046.74,4,1,0,119346.88,1
501,0,44,4,142051.07,2,0,1,74940.5,0
684,0,27,2,134603.88,1,1,1,71725.73,0
528,0,31,6,102016.72,2,0,0,80181.12,0
497,0,24,3,0,2,1,0,76390.01,0
476,1,34,10,0,2,1,0,26260.98,0
549,1,25,5,0,2,0,0,190857.79,0
635,1,35,7,0,2,1,1,65951.65,0
616,0,45,3,143129.41,2,0,1,64327.26,0
653,0,58,1,132602.88,1,1,0,5097.67,1
549,1,24,9,0,2,1,1,14406.41,0
587,0,45,6,0,1,0,0,158684.81,0
726,1,24,6,0,2,1,1,54724.03,0
732,0,41,8,0,2,1,1,170886.17,0
636,1,32,8,0,2,1,0,138555.46,0
510,1,38,4,0,1,1,0,118913.53,1
669,0,46,3,0,2,0,1,8487.75,0
846,1,38,5,0,1,1,1,187616.16,0
577,0,25,3,0,2,0,1,124508.29,0
756,0,36,2,136815.64,1,1,1,170041.95,0
571,0,44,9,0,2,0,0,38433.35,0
574,1,43,3,141349.43,1,1,1,100187.43,0
411,0,29,0,59697.17,2,1,1,53483.21,0
591,1,39,3,0,3,1,0,140469.38,1
533,0,36,7,85311.7,1,0,1,156731.91,0
553,0,41,9,110112.54,2,0,0,81898.81,0
520,1,42,6,0,2,1,1,34410.55,0
722,1,29,9,0,2,1,1,142033.07,0
475,1,45,0,134264.04,1,1,0,27822.99,1
490,0,31,3,145260.23,1,0,1,114066.77,0
804,0,33,7,76548.6,1,0,1,98453.45,0
850,0,36,7,0,1,1,1,40812.9,0
582,0,41,6,70349.48,2,0,1,178074.04,0
472,0,40,4,0,1,1,0,70154.22,0
465,1,51,8,122522.32,1,0,0,181297.65,1
556,1,61,2,117419.35,1,1,1,94153.83,0
834,1,49,2,131394.56,1,0,0,194365.76,1
660,1,61,5,155931.11,1,1,1,158338.39,0
776,1,32,4,109421.13,2,1,1,126517.46,0
829,1,27,9,112045.67,1,1,1,119708.21,1
637,1,39,9,137843.8,1,1,1,117622.8,1
550,0,38,2,103391.38,1,0,1,90878.13,0
776,1,37,2,103769.22,2,1,0,194099.12,0
698,0,44,10,116363.37,2,1,0,198059.16,0
585,0,36,5,146050.97,2,0,0,86424.57,0
788,1,33,5,0,2,0,0,116978.19,0
655,0,41,8,125561.97,1,0,0,164040.94,1
601,0,42,1,98495.72,1,1,0,40014.76,1
619,0,43,1,125211.92,1,1,1,113410.49,0
656,0,45,5,127864.4,1,1,0,87107.57,0
725,0,19,0,75888.2,1,0,0,45613.75,0
511,1,66,4,0,1,1,0,1643.11,1
614,0,51,4,40685.92,1,1,1,46775.28,0
742,0,35,5,136857,1,0,0,84509.57,0
687,1,27,9,152328.88,2,0,0,126494.82,0
555,0,33,1,56084.69,2,0,0,178798.13,0
684,0,56,8,78707.16,1,1,1,99398.36,0
603,0,26,4,109166.37,1,1,1,92840.67,0
751,1,36,6,169831.46,2,1,1,27758.36,0
581,1,34,1,101633.04,1,1,0,110431.51,0
735,0,43,10,123180.01,2,1,1,196673.28,0
661,1,35,5,150725.53,2,0,1,113656.85,0
675,1,21,8,98373.26,1,1,0,18203,0
738,0,58,2,133745.44,4,1,0,28373.86,1
813,0,29,6,0,1,1,0,33953.87,0
657,1,37,0,163607.18,1,0,1,44203.55,0
604,1,25,5,157780.84,2,1,1,58426.81,0
519,0,36,9,0,2,0,1,145562.4,0
735,1,21,1,178718.19,2,1,0,22388,0
664,0,55,8,0,2,1,1,139161.64,0
678,1,32,9,0,1,1,1,148210.64,0
757,0,33,5,77253.22,1,0,1,194239.63,0
416,1,41,10,122189.66,2,1,0,98301.61,0
665,1,34,1,96645.54,2,0,0,171413.66,0
777,1,32,2,0,1,1,0,136458.19,1
543,1,36,3,0,2,0,0,26019.59,0
506,1,34,4,90307.62,1,1,1,159235.29,0
493,1,46,4,0,2,1,0,1907.66,0
652,1,75,10,0,2,1,1,114675.75,0
750,0,22,3,121681.82,1,1,0,128643.35,1
729,0,30,9,0,2,1,0,151869.35,0
646,1,46,4,0,3,1,0,93251.42,1
635,1,28,3,81623.67,2,1,1,156791.36,0
647,1,44,5,0,3,1,1,174205.22,1
808,0,45,7,118626.55,2,1,0,147132.46,0
524,1,36,10,0,2,1,0,109614.57,0
769,0,29,8,0,2,1,1,172290.61,0
730,0,42,4,0,2,0,1,85982.47,0
515,0,35,10,176273.95,1,0,1,121277.78,0
773,0,41,9,102827.44,1,0,1,64595.25,0
814,0,29,8,97086.4,2,1,1,197276.13,0
710,0,22,8,0,2,0,0,99645.04,0
413,0,34,9,0,2,0,0,6534.18,0
665,1,40,6,0,1,1,1,161848.03,0
623,1,44,6,0,2,0,0,167162.43,0
738,0,31,9,82674.15,1,1,0,41970.72,0
528,0,36,7,0,2,1,0,60536.56,0
670,1,65,1,0,1,1,1,177655.68,1
622,1,46,4,107073.27,2,1,1,30984.59,1
582,0,32,1,88938.62,1,1,1,10054.53,0
785,1,36,2,99806.85,1,0,1,36976.52,0
605,0,33,5,150092.8,1,0,0,71862.79,0
479,0,35,9,92833.89,1,1,0,99449.86,1
685,0,30,3,90536.81,1,0,1,63082.88,0
538,0,39,7,108055.1,2,1,0,27231.26,0
562,0,42,2,100238.35,1,0,0,86797.41,0
675,0,36,9,106190.55,1,0,1,22994.32,0
721,0,28,9,154475.54,2,0,1,101300.94,1
628,1,30,9,132351.29,2,1,1,74169.13,0
668,1,37,6,167864.4,1,1,0,115638.29,0
506,1,41,1,0,2,1,0,31766.3,0
524,1,31,8,107818.63,1,1,0,199725.39,1
699,0,34,4,185173.81,2,1,0,120834.48,0
828,0,34,8,129433.34,2,0,0,38131.77,0
674,0,39,6,120193.42,1,0,0,100130.95,0
656,1,39,6,0,2,1,0,141069.88,0
684,1,48,10,126384.42,1,1,1,198129.36,0
625,1,28,3,0,1,0,0,183646.41,0
432,0,42,9,152603.45,1,1,0,110265.24,1
549,1,52,1,0,1,0,1,8636.05,1
625,0,56,0,148507.24,1,1,0,46824.08,1
828,1,41,7,0,2,1,0,171378.77,0
770,0,24,9,101827.07,1,1,0,167256.35,0
758,1,34,3,0,2,1,1,124226.16,0
795,1,33,9,130862.43,1,1,1,114935.21,0
687,0,38,9,122570.87,1,1,1,35608.88,0
686,0,25,1,0,2,0,1,16459.37,0
789,0,39,7,124828.46,2,1,1,124411.08,0
589,1,50,5,144895.05,2,1,1,34941.23,0
461,1,34,5,63663.93,1,0,1,167784.28,0
637,0,40,2,133463.1,1,0,1,93165.34,0
584,1,48,2,213146.2,1,1,0,75161.25,1
579,1,35,1,129490.36,2,0,1,8590.83,1
756,0,44,10,137452.09,1,1,0,189543.9,0
663,0,34,7,0,2,1,1,180427.24,0
682,1,43,5,125851.93,1,1,1,193318.33,0
793,0,52,2,0,1,1,0,159123.82,1
691,1,31,5,40915.55,1,1,0,126213.84,1
485,1,21,5,113157.22,1,1,1,54141.5,0
635,1,29,8,138296.94,2,1,0,141075.51,0
650,0,37,5,106967.18,1,0,0,24495.03,0
735,0,44,9,120681.63,1,1,0,74836.34,0
416,0,32,0,0,2,0,1,878.87,0
754,1,32,7,0,2,1,0,89520.75,0
535,1,48,9,0,1,1,0,149892.79,1
716,0,42,8,0,2,1,0,180800.42,0
539,0,37,2,127609.59,1,1,0,98646.22,0
614,1,43,6,0,2,1,1,109041.53,0
706,0,57,7,0,1,1,0,17941.16,1
758,1,33,7,0,2,0,0,82996.47,0
586,1,28,2,0,2,1,1,92067.35,0
646,1,73,6,97259.25,1,0,1,104719.66,0
631,1,33,4,123246.7,1,0,0,112687.57,0
717,1,22,6,101060.25,1,0,1,84699.56,0
684,0,30,2,0,2,1,0,83473.82,0
800,1,49,7,108007.36,1,0,0,47125.11,0
721,1,36,2,0,2,1,1,106977.8,0
683,0,29,0,133702.89,1,1,0,55582.54,1
660,0,31,9,125189.75,2,1,1,139874.43,0
704,1,24,7,113034.22,1,1,0,162503.48,1
615,1,41,9,109013.23,1,1,0,196499.96,0
667,1,39,2,0,2,1,0,40721.24,1
682,0,24,9,57929.81,2,0,0,53134.3,0
484,1,29,4,130114.39,1,1,0,164017.89,0
628,0,27,5,95826.49,2,1,0,155996.96,0
480,0,44,10,129608.57,1,1,0,5472.7,1
578,0,30,4,169462.09,1,1,0,112187.11,0
512,0,40,5,0,2,1,1,146457.83,0
484,1,35,7,133868.21,1,1,1,27286.1,0
510,1,30,0,0,2,1,1,130553.47,0
606,0,36,5,190479.48,2,0,0,179351.89,0
597,1,40,8,101993.12,1,0,1,94774.12,0
754,1,55,3,161608.81,1,1,0,8080.85,1
850,1,45,2,122311.21,1,1,1,19482.5,0
510,0,65,2,0,2,1,1,48071.61,0
778,1,45,1,162150.42,2,1,0,174531.27,0
636,0,42,2,0,2,1,1,55470.78,0
804,1,50,4,0,1,1,1,8546.87,1
514,0,32,8,0,2,1,0,95857.18,0
730,1,39,1,99010.67,1,1,0,194945.8,0
525,1,37,0,0,1,0,1,131521.72,0
616,0,30,5,0,2,0,1,196108.51,0
687,1,34,7,111388.18,2,1,0,148564.76,0
715,1,41,8,56214.85,2,0,0,92982.61,1
512,1,36,3,84327.77,2,1,0,17675.36,0
479,0,40,1,0,2,0,0,114996.43,0
601,0,32,8,93012.89,1,1,0,86957.42,0
580,0,29,9,61710.44,2,1,0,128077.8,0
807,0,35,3,174790.15,1,1,1,600.36,0
616,1,32,6,0,2,1,1,43001.46,0
721,0,37,3,107720.64,1,1,1,158591.12,0
501,0,57,10,0,2,1,1,47847.19,0
521,0,35,6,96423.84,1,1,0,10488.44,0
850,0,30,2,141040.01,1,1,1,5978.2,0
759,0,42,4,105420.18,1,0,1,121409.06,0
516,0,50,5,0,1,0,1,146145.93,1
711,1,38,2,129022.06,2,1,1,14374.86,1
512,0,33,3,176666.62,1,1,0,94670.77,0
550,0,37,3,0,1,1,1,179670.31,0
608,1,41,3,89763.84,1,0,0,199304.74,1
618,0,34,5,134954.53,1,1,1,151954.39,0
643,0,45,5,0,1,1,0,142513.5,1
671,0,45,2,106376.85,1,0,1,158264.62,0
689,0,33,2,161814.64,2,1,0,169381.9,0
603,0,31,8,0,2,1,1,169915.02,0
620,1,41,9,0,2,0,0,88852.47,0
676,1,34,1,63095.01,1,1,1,40645.81,0
572,0,26,4,118287.01,2,0,0,60427.3,0
668,0,47,7,106854.21,1,0,1,157959.02,1
695,0,46,7,49512.55,1,1,0,133007.34,0
730,1,33,9,0,2,0,0,176576.62,0
807,0,43,1,105799.32,2,1,0,34888.04,1
592,0,54,8,0,1,1,1,28737.71,1
726,1,31,9,114722.05,2,1,1,98178.57,0
514,0,30,7,0,1,0,1,125010.24,0
567,0,42,2,0,2,1,1,167984.61,0
850,0,33,10,0,1,1,0,4861.72,1
671,0,45,6,99564.22,1,1,1,108872.45,1
670,0,37,4,170557.91,2,1,0,198252.88,0
694,1,30,9,0,2,1,1,26960.31,0
547,1,39,6,74596.15,3,1,1,85746.52,1
751,0,50,2,96888.39,1,1,0,77206.25,1
594,1,29,3,130830.22,1,1,0,61048.53,0
673,0,72,1,0,2,0,1,111981.19,0
610,0,40,0,0,2,1,0,62232.6,0
512,1,37,1,0,2,0,1,156105.03,0
767,0,20,3,119714.25,2,0,1,150135.38,0
585,1,67,5,113978.97,2,0,1,93146.11,0
763,0,42,6,100160.75,1,1,0,33462.94,1
712,1,29,2,0,1,1,1,144375,0
539,1,43,3,116220.5,3,1,0,55803.96,1
668,1,46,2,0,3,1,0,89048.46,1
703,0,28,2,81173.83,2,0,1,162812.16,0
662,0,38,4,0,2,1,0,136259.65,0
725,1,39,5,116803.8,1,1,0,124052.97,0
703,0,37,8,105961.68,2,0,1,74158.8,0
659,0,67,6,117411.6,1,1,1,45071.09,1
523,0,34,7,0,2,1,0,62030.06,0
635,1,40,10,123497.58,1,1,0,131953.23,1
772,0,26,7,152400.51,2,1,0,79414,0
545,1,26,1,0,2,1,1,199638.56,0
634,0,24,8,103097.85,1,1,1,157577.29,0
739,0,54,8,126418.14,1,1,0,134420.75,1
771,1,36,5,77846.9,1,0,0,99805.99,0
587,1,34,1,0,2,1,1,97932.68,0
681,1,79,0,0,2,0,1,170968.99,0
544,0,37,2,79731.91,1,1,1,57558.95,0
696,0,28,8,0,1,0,0,176713.47,0
766,0,41,0,0,2,0,1,34283.23,0
727,0,34,10,0,2,1,1,198637.34,0
671,1,34,6,37266.67,2,0,0,156917.12,0
693,1,30,6,127992.25,1,1,1,50457.2,0
850,0,38,3,54901.01,1,1,1,140075.55,0
732,0,42,9,108748.08,2,1,1,65323.11,0
726,1,48,6,99906.19,1,1,0,64323.24,0
557,1,32,6,184686.41,2,1,0,14956.44,0
682,1,26,0,110654.02,1,0,1,111879.21,0
738,0,31,9,79019.8,1,1,1,18606.23,0
531,1,36,9,99240.51,1,1,0,123137.01,0
498,0,34,2,0,2,1,1,148528.24,0
651,0,36,7,0,2,1,0,13898.31,0
549,1,39,7,0,1,0,0,81259.25,1
791,1,35,7,52436.2,1,1,0,161051.75,0
650,0,41,9,0,2,0,1,191599.67,0
733,0,34,3,100337.96,3,1,0,48559.19,1
811,1,34,1,149297.19,2,1,1,186339.74,0
707,0,30,8,0,2,1,0,33159.37,0
712,0,28,4,145605.44,1,0,1,93883.53,0
706,1,37,7,0,2,1,1,110899.3,0
756,0,62,3,0,1,1,1,11199.04,1
777,1,53,10,0,2,1,0,189992.97,0
646,0,35,6,84026.86,1,0,1,164255.69,0
714,0,46,1,0,1,1,0,152167.79,1
782,0,39,8,0,2,1,1,33949.67,0
775,0,29,10,0,2,1,1,68143.93,0
479,0,35,4,138718.92,1,1,1,47251.79,1
807,0,42,7,118274.71,1,1,1,25885.72,0
799,1,22,8,174185.98,2,0,1,192633.85,0
675,0,40,7,113208.86,2,1,0,34577.36,0
602,0,29,5,103907.28,1,1,0,161229.84,0
475,1,32,8,119023.28,1,1,0,100816.29,0
744,1,26,5,166297.89,1,1,1,181694.44,0
588,0,34,10,0,2,1,0,79078.91,0
703,0,42,9,63227,1,0,1,137316.32,0
747,1,41,5,94521.17,2,1,0,194926.86,0
583,0,27,7,0,2,1,0,51285.49,0
750,1,34,9,112822.26,1,0,0,150401.53,1
681,0,38,3,0,2,1,1,112491.96,0
773,0,25,2,135903.33,1,1,0,73656.38,0
714,1,31,4,125169.26,1,1,1,106636.89,0
687,1,44,7,0,3,1,0,155853.52,1
511,0,58,0,149117.31,1,1,1,162599.51,0
627,0,33,5,0,2,1,1,103737.82,0
694,1,31,10,0,2,1,0,160990.27,0
616,1,36,6,132311.71,1,0,0,15462.84,0
687,0,35,8,0,2,1,0,10334.05,0
712,1,33,6,0,2,1,1,190686.16,0
553,0,33,4,118082.89,1,0,0,94440.45,0
667,0,31,1,119266.69,1,1,1,28257.63,0
731,0,43,2,0,1,1,1,170034.95,1
629,0,35,7,156847.29,2,1,0,31824.29,0
614,0,50,4,137104.47,1,1,0,127166.49,1
438,0,31,8,78398.69,1,1,0,44937.01,0
652,1,80,4,0,2,1,1,188603.07,0
729,0,30,6,63669.42,1,1,0,145111.37,0
642,0,38,3,0,2,0,0,171463.83,0
806,1,59,0,135296.33,1,1,0,182822.5,0
744,0,36,2,153804.44,1,1,1,87213.33,0
474,0,37,3,0,2,0,0,57175.32,0
559,0,49,2,147069.78,1,1,0,120540.83,1
706,0,42,9,0,2,1,1,28714.34,0
628,1,22,3,0,1,1,0,85426.28,0
429,0,24,4,95741.75,1,1,0,46170.75,0
525,1,57,2,145965.33,1,1,1,64448.36,0
680,1,30,8,141441.75,1,1,1,16278.97,0
749,0,40,1,139290.41,1,1,0,182855.42,1
763,1,31,4,0,2,0,0,50404.72,0
734,0,30,3,0,2,1,0,107640.25,0
716,0,35,4,144428.87,1,1,0,134132.65,0
594,0,35,2,0,2,1,0,103480.69,0
644,1,46,9,95441.27,1,1,0,108761.05,1
671,0,35,1,144848.74,1,1,1,179012.3,0
664,0,26,7,116244.14,2,1,1,95145.14,0
656,0,50,7,0,2,0,1,72143.44,0
667,1,40,1,146502.07,1,1,0,19162.89,0
663,0,44,2,117028.6,2,0,1,144680.18,0
584,1,30,8,112013.81,1,1,0,177772.03,1
626,1,37,6,108269.37,1,1,0,5597.94,0
485,0,29,7,182123.79,1,1,0,116828.51,1
659,1,32,3,150923.74,2,0,1,174652.51,0
649,0,33,2,0,2,1,0,2010.98,0
805,1,39,5,165272.13,1,1,0,14109.85,1
716,1,39,10,115301.31,1,1,0,43527.4,1
642,1,40,6,129502.49,2,0,1,86099.23,1
659,0,31,4,118342.26,1,0,0,161574.19,0
545,1,47,5,0,2,1,1,38970.14,0
543,0,22,8,0,2,0,0,127587.22,0
718,1,25,7,0,2,1,0,30380.12,0
840,1,43,7,0,2,1,0,90908.95,0
630,1,34,9,106937.05,2,1,0,138275.01,0
643,0,59,3,170331.37,1,1,1,32171.79,0
654,1,32,1,114510.85,1,1,1,126143.23,0
582,0,39,5,0,2,1,1,129892.93,0
659,0,32,3,107594.11,2,1,1,102416.84,0
762,0,39,2,81273.13,1,1,1,18719.67,0
568,1,32,7,169399.6,1,1,0,61936.22,0
670,0,25,6,0,2,1,1,78358.94,0
613,1,45,1,187841.99,2,1,1,147224.27,0
539,0,30,0,0,2,1,0,160979.66,0
850,1,57,8,126776.3,2,1,1,132298.49,0
522,0,34,9,126436.29,1,1,0,174248.52,1
737,0,41,1,101960.74,1,1,1,123547.28,0
520,0,58,3,0,2,0,1,32790.02,0
706,0,28,3,0,2,0,1,181543.67,0
643,1,45,2,150842.93,1,0,1,2319.96,1
648,1,50,9,102535.57,1,1,1,189543.19,0
443,1,29,9,99027.61,2,1,0,10940.4,0
640,0,68,9,0,2,1,1,199493.38,0
628,1,33,3,0,1,1,1,188193.25,0
540,1,42,9,87271.41,2,1,0,172572.64,0
460,1,35,8,102742.91,2,1,1,189339.6,0
636,0,34,2,40105.51,2,0,1,53512.16,0
593,1,29,2,152265.43,1,1,0,34004.44,0
801,0,42,4,141947.67,1,1,1,10598.29,0
640,1,75,1,106307.91,2,0,1,113428.77,0
611,0,31,0,107884.81,2,1,1,183487.98,0
802,0,31,1,125013.72,1,1,1,187658.09,0
717,0,35,7,58469.37,2,1,1,172459.39,0
769,1,39,8,0,1,0,1,21016,0
745,0,45,10,117231.63,3,1,1,122381.02,1
572,0,35,4,152390.26,1,1,0,128123.66,0
629,1,30,2,34013.63,1,1,0,19570.63,0
687,1,39,2,0,3,0,0,188150.6,1
483,1,50,9,0,2,1,1,111020.24,0
690,0,36,7,101583.11,2,1,0,123775.15,0
492,1,30,10,77168.87,2,0,1,146700.22,0
709,0,28,8,124695.72,2,1,0,145251.35,0
705,0,44,3,105934.96,1,1,0,82463.69,0
560,1,66,9,0,1,1,1,15928.49,0
611,0,46,6,0,2,1,0,45886.33,0
730,0,62,2,0,2,1,1,186489.95,0
709,1,45,2,0,2,0,1,162922.65,0
544,1,21,10,161525.96,2,1,0,9262.77,0
712,1,29,7,147199.07,1,1,1,84932.4,0
752,0,38,3,183102.29,1,1,1,71557.12,0
648,0,46,9,127209,2,1,0,77405.95,1
556,0,38,8,0,2,0,0,417.41,1
594,1,24,0,97378.54,1,1,1,71405.17,0
645,1,37,2,136925.09,2,0,1,153400.24,0
557,0,33,3,54503.55,1,1,1,371.05,0
547,0,32,8,155726.85,1,1,0,67789.99,0
701,1,39,9,0,2,0,1,145894.9,0
616,1,66,1,135842.41,1,1,0,183840.51,1
605,0,52,1,63349.75,1,1,0,108887.44,0
593,1,38,4,129499.42,1,1,1,154071.27,0
751,0,52,8,0,2,0,1,179291.85,0
443,0,36,6,70438.01,2,0,1,56937.43,0
685,0,23,8,0,2,1,1,112239.03,0
718,0,36,9,0,1,1,0,45909.87,0
538,1,49,9,141434.04,1,0,0,173779.25,1
611,1,37,4,0,2,1,0,125696.26,0
668,0,37,10,152958.29,2,1,1,159585.61,0
537,1,41,3,138306.34,1,1,0,106761.47,0
709,0,23,10,0,2,0,0,129590.18,0
850,0,38,1,0,2,1,1,80006.65,0
745,1,31,3,124328.84,1,1,1,140451.52,0
693,1,41,9,181461.48,3,1,1,187929.43,1
795,0,35,8,0,2,1,0,167155.36,0
626,0,26,8,0,2,0,0,191420.71,0
487,1,61,5,110368.03,1,0,0,11384.45,1
556,1,39,9,89588.35,1,1,1,94898.1,0
643,1,46,6,0,2,0,0,106781.59,0
605,1,28,6,0,2,0,0,159508.52,0
756,1,60,3,115924.89,1,1,0,93524.19,1
586,1,38,2,0,2,1,0,87168.46,0
535,0,40,7,111756.5,1,1,0,8128.32,1
678,1,35,4,0,1,1,0,125518.32,0
596,0,39,9,0,1,1,0,48963.59,0
648,0,26,9,162923.85,1,1,0,98368.24,0
492,0,39,10,124576.65,2,1,0,148584.61,0
702,0,45,0,80793.58,1,1,1,27474.81,0
486,1,40,9,71340.09,1,1,0,76192.21,0
568,0,40,1,99282.63,1,0,0,134600.94,1
619,0,57,3,137946.39,1,1,1,72467.99,1
724,0,41,2,127892.57,2,0,1,199645.45,0
548,1,33,0,101084.36,1,1,0,42749.85,0
545,1,37,8,114754.08,1,1,0,136050.44,1
683,0,33,8,0,1,0,0,73564.44,0
762,1,51,3,99286.98,1,0,1,85578.63,0
627,1,30,4,79871.02,2,1,0,129826.89,0
516,0,35,10,104088.59,2,0,0,119666,0
800,1,38,2,168190.33,2,1,0,68052.08,0
464,1,42,3,85679.25,1,1,1,164104.74,0
626,1,35,3,0,1,0,0,80190.36,0
790,1,31,9,0,2,1,0,84126.75,0
534,1,34,7,121551.58,2,1,1,70179,0
745,0,46,2,122220.19,1,1,1,118024.1,0
553,0,47,3,116528.15,1,0,0,145704.19,1
748,1,26,1,77780.29,1,0,1,183049.41,0
722,0,37,2,0,1,0,0,120906.83,0
501,0,40,4,125832.2,1,1,1,100433.83,0
675,1,38,6,68065.8,1,0,0,138777,1
778,1,47,6,127299.34,2,1,0,124694.99,0
494,1,38,7,174937.64,1,1,0,40084.32,0
850,0,40,9,0,2,0,1,119232.33,0
592,0,31,7,110071.1,1,0,0,43921.36,0
590,1,44,3,139432.37,1,1,0,62222.81,0
758,1,39,6,127357.76,1,0,1,56577,0
506,0,36,5,0,2,1,0,164253.35,0
733,0,33,3,0,1,1,1,7666.73,0
711,0,38,3,0,2,1,0,68487.51,0
514,0,43,1,95556.31,1,0,1,199273.98,1
637,0,37,8,0,1,1,1,186062.36,0
468,0,29,1,111681.98,2,1,1,195711.16,0
539,0,39,3,0,2,1,0,36692.17,0
509,1,25,3,108738.71,2,1,0,106920.57,0
662,1,32,4,133950.37,1,1,1,48725.68,1
818,0,26,4,0,2,1,1,167036.94,0
608,0,33,9,89968.69,1,1,0,68777.26,0
850,1,32,9,0,2,1,1,18924.92,0
816,1,38,5,130878.75,3,1,0,71905.77,1
536,0,35,8,0,2,1,0,64833.28,0
753,0,35,3,0,2,1,1,184843.77,0
631,0,27,10,134169.62,1,1,1,176730.02,0
703,0,37,1,149762.08,1,1,0,20629.4,1
774,0,26,2,93844.69,1,1,0,28415.36,0
785,0,28,8,0,2,1,0,77231.27,0
571,1,33,1,0,2,1,0,102750.7,0
621,0,46,6,141078.37,1,0,0,34580.8,1
605,1,31,1,117992.59,1,1,1,183598.77,0
611,1,40,8,100812.33,2,1,0,147358.27,0
569,0,38,7,0,1,1,1,108469.2,0
658,0,29,4,80262.6,1,1,1,20612.82,0
788,0,34,6,156478.62,1,0,1,181196.76,0
525,1,23,5,0,2,1,0,160249.1,0
798,0,37,8,0,3,0,0,110783.28,0
486,0,37,9,115217.99,2,1,0,144995.33,0
615,0,61,9,0,2,1,0,150227.85,1
730,1,35,0,155470.55,1,1,1,53718.28,0
641,0,37,7,0,2,1,0,75248.3,0
542,0,39,3,135096.77,1,1,1,14353.43,1
692,0,30,2,0,2,0,1,130486.57,0
714,1,55,9,180075.22,1,1,1,100127.71,0
591,0,29,1,97541.24,1,1,1,196356.17,0
710,1,41,2,156067.05,1,1,1,9983.88,0
639,1,38,4,81550.94,2,0,1,118974.77,0
531,1,47,6,0,1,0,0,194998.34,1
673,1,38,2,170061.92,2,0,0,134901.34,1
765,0,36,8,92310.54,2,1,1,72924.56,0
622,1,32,6,169089.38,2,1,0,101057.95,0
806,0,40,5,80613.93,1,1,1,142838.64,0
757,0,26,8,121581.56,2,1,1,127059.04,0
570,1,58,8,0,1,0,1,116503.92,1
555,0,32,4,0,2,1,1,54405.79,0
692,0,54,5,0,2,1,1,88721.84,0
774,0,60,5,85891.55,1,1,0,74135.48,1
638,0,44,9,77637.35,2,1,1,111346.22,0
543,1,41,4,0,1,0,0,194902.16,0
584,0,31,5,0,2,1,0,31474.27,0
691,0,30,7,116927.89,1,1,0,21198.39,0
684,1,40,6,137326.65,1,1,0,186976.6,0
733,0,22,5,0,2,1,1,117202.19,0
599,1,37,2,0,2,1,1,143739.29,0
524,1,31,10,67238.98,2,1,1,161811.23,0
632,1,38,6,86569.76,2,1,0,98090.91,0
735,0,34,5,0,2,0,0,71095.41,0
734,0,34,6,133598.4,1,1,1,13107.24,0
605,1,51,3,136188.78,1,1,1,67110.59,1
793,0,38,9,0,2,1,0,88225.02,0
468,1,56,10,0,3,0,1,62256.87,1
779,0,37,7,120092.52,2,1,0,135925.72,0
698,0,48,4,101238.24,2,0,1,177815.87,1
707,0,58,6,89685.92,1,0,1,126471.13,0
850,1,35,1,211774.31,1,1,0,188574.12,1
850,0,56,7,131317.48,1,1,1,119175.45,0
527,0,37,5,93722.73,2,1,1,139093.73,0
696,0,32,8,101160.99,1,1,1,115916.55,0
661,0,48,3,120320.54,1,0,0,96463.25,0
776,1,31,2,0,2,1,1,112349.51,0
701,0,43,2,0,2,1,1,165303.79,0
610,0,26,8,0,2,1,0,166031.08,0
572,1,48,3,152827.99,1,1,0,38411.79,1
673,0,30,1,64097.75,1,1,1,77783.35,0
519,1,57,2,119035.35,2,1,1,29871.79,0
702,1,26,4,135219.57,1,0,1,59747.63,0
729,0,32,6,93694.42,1,1,1,79919.13,0
543,0,35,10,59408.63,1,1,0,76773.53,0
550,1,40,7,114354.95,1,1,0,54018.93,0
608,0,59,1,0,1,1,0,70649.64,1
639,0,35,10,128173.9,2,1,0,59093.39,0
686,0,34,9,0,2,1,0,127569.8,0
564,1,62,5,114931.35,3,0,1,18260.98,1
745,1,28,1,111071.36,1,1,0,73275.96,1
833,0,37,8,151226.18,2,1,1,136129.49,0
622,0,26,9,0,2,1,1,153237.59,0
597,1,42,4,64740.12,1,1,1,106841.12,0
721,0,51,0,169312.13,1,1,0,109078.35,1
504,1,49,7,0,3,0,1,87822.14,1
842,1,44,2,112652.08,2,1,0,126644.98,0
587,0,38,0,0,2,1,0,47414.15,0
479,1,30,7,143964.36,2,1,0,41879.99,0
508,0,49,7,122451.46,2,1,1,75808.1,0
749,0,24,1,0,3,1,1,47911.03,0
721,1,36,3,65253.07,2,1,0,28737.78,0
674,0,47,6,106901.94,1,1,1,2079.2,1
685,1,25,10,128509.63,1,1,0,121562.33,0
417,0,34,7,0,2,1,0,55003.79,0
574,0,33,3,129834.67,1,1,0,193131.42,0
590,1,51,3,154962.99,3,0,1,191932.27,1
587,0,40,5,138241.9,2,1,0,159418.1,0
598,0,41,3,91536.93,1,1,0,191468.78,1
741,0,53,3,0,2,1,1,38913.68,0
850,1,70,5,0,1,1,1,705.18,0
584,1,29,7,105204.01,1,0,1,138490.03,0
650,0,61,1,152968.73,1,0,1,82970.69,0
607,0,36,8,158261.68,1,1,1,76744.72,0
509,1,46,1,0,1,1,0,71244.59,1
689,1,38,6,121021.05,1,1,1,12182.15,0
543,0,36,4,0,2,1,1,141210.5,0
438,1,54,2,0,1,0,0,191763.07,1
687,1,63,1,137715.66,1,1,1,37938.74,0
737,0,31,5,121192.22,2,1,1,74890.58,0
761,0,31,7,0,3,1,1,166698.18,0
601,0,44,1,100486.18,2,1,1,62678.53,0
651,0,45,1,0,1,1,0,67740.08,1
745,0,35,9,92566.53,2,1,0,161519.77,0
648,1,49,10,0,2,1,1,159835.78,1
848,0,40,3,110929.96,1,1,1,30876.84,0
546,1,27,8,0,2,1,1,14858.1,0
439,1,32,3,138901.61,1,1,0,75685.97,0
755,0,30,4,123217.66,2,0,1,144183.1,0
593,1,41,6,0,1,1,0,65170.66,0
701,0,39,2,0,2,1,1,82526.92,0
701,0,36,8,0,2,1,0,169161.46,0
607,1,33,2,108431.87,2,0,1,109291.39,1
586,1,57,3,0,2,0,1,6057.81,0
547,1,30,9,72392.41,1,1,0,77077.14,0
647,1,51,1,119741.77,2,0,0,54954.51,1
760,1,51,2,100946.71,1,0,0,179614.8,1
621,0,53,9,170491.84,1,1,0,35588.07,1
725,0,44,5,0,1,1,1,117356.14,0
526,0,36,1,0,1,1,0,160696.72,0
519,1,47,6,157296.02,2,0,0,147278.43,1
713,1,38,7,144606.22,1,1,1,56594.36,1
700,0,38,8,134811.3,1,1,0,1299.75,0
666,1,34,9,115897.12,1,1,1,25095.03,0
630,0,32,4,82034,1,0,0,146326.45,0
779,1,26,4,174318.13,2,0,1,38296.21,0
611,1,41,2,114206.84,1,1,0,164061.6,0
685,0,43,9,0,2,1,0,107811.28,0
646,0,39,9,111574.41,1,1,1,30838.51,0
683,1,57,5,162448.69,1,0,0,9221.78,1
484,1,34,4,148249.54,1,0,1,33738.27,0
601,1,43,8,0,3,0,1,110916.15,1
762,1,26,7,123709.46,2,1,1,169654.57,0
687,1,72,9,0,1,0,1,69829.4,0
566,0,30,5,0,1,1,0,54926.51,1
702,0,37,10,150525.8,1,1,1,94728.49,0
601,0,29,9,0,1,1,1,80393.27,0
699,0,53,4,0,2,0,1,111307.98,0
584,0,28,10,0,2,1,0,19834.32,0
699,0,35,5,0,2,1,1,78397.24,0
698,1,51,2,111018.98,1,1,0,86410.28,0
495,0,30,10,129755.99,1,0,0,172749.65,0
650,1,27,6,0,2,1,0,1002.39,0
605,1,64,2,129555.7,1,1,1,13601.79,0
667,0,38,1,87202.38,1,1,1,77866.91,0
688,0,26,8,146133.39,1,1,1,175296.76,0
727,1,31,0,0,1,1,0,121751.04,1
754,0,39,6,170184.99,2,1,0,89593.26,0
612,1,62,8,140745.33,1,1,0,193437.89,1
546,0,42,7,139070.51,1,1,1,86945,0
673,1,37,8,0,2,1,1,183318.79,0
593,0,35,9,114193.24,1,1,0,71154.1,0
656,1,40,10,167878.5,1,0,1,151887.16,0
535,1,53,5,141616.55,2,1,1,75888.65,0
678,0,36,3,145747.67,2,0,1,89566.74,0
477,1,48,2,129120.64,1,0,1,26475.79,0
850,0,35,7,110349.82,1,0,0,126355.8,0
427,0,29,1,141325.56,1,1,1,93839.3,0
752,0,49,2,78653.84,1,1,0,7698.6,0
649,0,47,1,0,2,1,1,145593.85,0
799,1,28,3,142253.65,1,1,0,45042.56,0
589,1,61,1,0,1,1,0,61108.56,1
583,1,54,6,115988.86,1,1,0,57553.98,1
839,1,33,10,75592.43,1,1,0,62674.42,0
540,0,44,3,164113.04,2,1,1,12120.79,0
850,0,31,6,67996.23,2,0,0,50129.87,1
696,1,51,5,0,2,1,0,55022.43,0
660,1,33,1,0,2,0,0,117834.91,0
682,0,48,1,138778.15,1,0,1,168840.23,0
744,1,43,10,147832.15,1,0,1,24234.11,0
785,1,36,4,135438.4,1,0,0,190627.01,0
752,0,48,5,116060.08,1,1,0,156618.38,1
706,1,29,5,112564.62,1,1,0,42334.38,0
583,1,27,1,125406.58,1,1,1,110784.42,0
660,1,39,5,135134.99,1,1,0,173683,1
819,1,39,9,133102.92,1,1,0,27046.46,1
673,1,34,8,42157.08,1,1,0,20598.59,1
752,1,30,3,0,2,1,1,104991.28,0
578,0,38,7,82259.29,1,1,0,8996.97,0
438,1,36,4,0,2,1,0,64420.5,0
652,0,38,6,0,2,1,1,145700.22,0
629,1,49,4,0,2,1,1,196335.48,0
720,0,52,7,0,1,1,1,14781.12,0
668,0,42,3,150461.07,1,1,0,108139.23,0
459,0,48,4,133994.52,1,1,1,19287.06,1
729,0,31,8,164870.81,2,1,1,9567.39,0
498,0,25,8,121702.73,1,1,1,132210.49,0
549,0,25,6,193858.2,1,0,1,21600.11,0
601,1,54,1,131039.97,2,1,1,199661.5,0
544,0,64,9,113829.45,1,1,1,124341.49,0
751,1,30,6,0,2,1,0,15766.1,0
632,1,41,3,81877.38,1,1,1,33642.21,0
694,0,57,8,116326.07,1,1,1,117704.65,0
678,0,31,2,0,2,1,1,58803.28,0
695,0,46,4,0,2,1,1,137537.22,0
661,1,41,1,0,2,0,1,131300.68,0
661,0,33,9,0,2,1,1,84174.81,0
559,1,31,3,127070.73,1,0,1,160941.78,0
503,0,29,3,0,2,1,1,143954.99,0
695,0,46,3,122549.64,1,1,1,56297.85,0
640,1,42,5,176099.13,1,1,1,8404.73,0
624,1,48,3,122388.38,2,0,0,30020.09,0
667,0,42,9,0,2,0,1,58137.42,0
642,0,26,0,0,1,0,0,47472.68,0
640,1,32,6,118879.35,2,1,1,19131.71,0
529,0,35,5,0,2,1,1,187288.5,0
563,1,39,5,0,2,1,1,17603.81,0
593,1,38,4,88736.44,2,1,0,67020.03,0
739,0,45,7,102703.62,1,0,1,147802.94,1
788,1,70,1,0,2,1,1,41610.62,0
684,1,38,3,0,2,1,0,44255.65,0
482,0,55,5,97318.25,1,0,1,78416.14,0
591,0,58,5,128468.69,1,0,1,137254.55,0
651,1,41,4,133432.59,1,0,1,151303.48,0
749,1,40,8,141782.57,2,0,0,86333.63,0
583,0,24,9,135125.28,1,0,0,89801.9,0
661,0,42,2,178820.91,1,0,0,29358.57,1
715,1,31,2,112212.14,2,1,1,181600.72,0
769,1,45,5,126674.81,1,1,0,124118.71,1
625,1,51,7,136294.97,1,1,0,38867.46,1
641,1,36,5,66392.64,1,1,0,31106.67,0
716,0,27,1,122552.34,2,1,0,67611.36,0
767,0,43,1,76408.85,2,1,0,77837.63,0
745,0,36,8,145071.24,1,0,0,6078.46,0
589,0,34,6,0,2,1,1,177896.92,0
796,1,45,2,109730.22,1,1,1,123882.73,0
664,0,57,6,0,2,1,1,15304.08,0
445,0,62,1,64119.38,1,1,1,76569.64,1
543,1,57,1,106138.33,2,1,1,120657.32,1
746,0,36,2,0,2,1,1,16436.56,0
742,0,33,0,181656.51,1,1,1,107667.91,0
750,1,32,5,0,2,1,0,95611.47,0
669,0,30,7,95128.86,1,0,0,19799.26,0
594,1,49,2,126615.94,2,0,1,123214.74,0
574,0,36,1,0,2,0,1,71709.12,0
659,0,36,2,76190.48,2,1,1,149066.14,0
750,0,40,5,168286.81,3,1,0,20451.99,1
626,0,35,4,88109.81,1,1,1,32825.5,0
620,0,42,4,0,2,1,0,6232.31,0
580,1,35,8,0,2,0,1,10357.03,0
686,1,34,3,123971.51,2,1,0,147794.63,0
540,0,48,0,148116.48,1,0,0,116973.48,0
634,0,35,6,116269.01,1,1,0,129964.94,0
632,0,38,1,120599.21,1,1,0,92816.86,0
501,1,41,3,144260.5,1,1,0,172114.67,0
650,1,25,3,86605.5,3,1,0,16649.31,1
786,0,34,9,0,2,1,0,144517.19,0
554,1,37,4,58629.97,1,0,0,182038.6,0
701,1,42,5,0,2,0,0,24210.56,0
474,0,45,10,0,2,0,0,172175.9,0
621,1,43,5,0,1,1,1,47578.45,0
672,1,56,2,209767.31,2,1,1,150694.42,1
459,1,42,6,129634.25,2,1,1,177683.02,1
669,0,23,1,0,2,0,0,66088.83,0
776,1,38,2,169824.46,1,1,0,169291.7,0
694,0,36,3,97530.25,1,1,1,117140.41,0
787,1,42,10,145988.65,2,1,1,79510.37,0
580,0,37,9,0,2,0,1,77108.66,0
711,1,25,7,0,3,1,1,9679.28,0
673,1,40,5,137494.28,1,1,0,81753.92,0
499,1,57,1,0,1,0,0,131372.38,1
591,0,24,6,147360,1,1,1,25310.82,0
769,1,25,10,0,2,0,0,187925.75,0
657,0,31,3,125167.02,1,0,0,98820.39,0
738,0,43,9,121152.05,2,1,0,64166.7,1
545,1,60,7,128981.07,1,0,1,176924.21,1
497,0,47,6,0,1,1,1,90055.08,0
816,0,67,6,151858.98,1,1,1,72814.31,0
525,0,36,2,114628.4,1,0,1,168290.06,0
725,0,46,6,0,2,1,0,161767.38,0
692,1,28,8,95059.02,2,1,0,44420.18,0
618,1,24,7,128736.39,1,0,1,37147.61,0
546,0,24,8,156325.38,1,1,1,125381.02,0
635,0,29,7,105405.97,1,1,1,149853.89,0
611,1,49,2,88915.37,3,0,0,161435.02,1
650,0,60,8,0,2,1,1,102925.76,0
606,0,40,5,0,2,1,1,70899.27,0
844,0,18,2,160980.03,1,0,0,145936.28,0
450,1,46,5,177619.71,1,1,0,54227.06,0
727,0,38,2,62276.99,1,1,1,59280.79,0
460,0,46,4,127559.97,2,1,1,126952.5,0
649,0,41,0,0,2,0,1,130567.02,0
758,1,47,9,95523.16,1,1,0,73294.48,0
490,1,35,7,107749.03,1,1,1,3937.37,0
815,0,37,2,110777.26,2,1,0,2383.59,0
838,1,39,5,166733.92,2,1,0,14279.44,0
803,0,31,9,157120.86,2,1,0,141300.53,0
664,1,36,2,127160.78,2,1,0,78140.75,0
736,1,28,2,0,2,1,1,117431.1,0
633,1,37,9,156091.97,1,1,0,72008.61,0
664,0,58,5,98668.18,1,1,1,60887.58,0
600,1,43,5,134022.06,1,1,0,194764.83,0
693,1,35,5,124151.09,1,1,0,88705.14,1
663,1,36,6,77253.5,1,0,0,35817.97,1
742,1,21,1,114292.48,1,1,0,31520.4,0
710,0,43,2,140080.32,3,1,1,157908.19,1
710,1,27,2,135277.96,1,1,0,142200.15,0
700,1,82,2,0,2,0,1,182055.36,0
720,0,60,9,115920.62,2,0,0,157552.08,1
684,0,41,2,119782.72,2,0,0,120284.67,0
531,1,63,1,114715.71,1,0,1,24506.95,1
742,1,36,2,129748.54,2,0,0,47271.61,1
717,0,31,4,129722.57,1,0,0,41176.6,0
589,0,32,2,0,2,0,1,9468.64,0
767,0,36,3,139180.2,1,0,0,123880.19,0
636,0,49,6,113599.74,2,1,0,158887.09,1
648,0,33,7,134944,1,1,1,117036.38,0
622,1,58,7,116922.25,1,1,0,120415.61,1
692,0,28,9,118945.09,1,0,0,16064.25,1
754,0,28,8,0,2,1,1,52615.62,0
679,1,35,8,119182.73,1,0,0,121210.09,0
639,0,27,8,0,2,1,0,192247.35,0
774,1,28,1,71264.02,2,0,1,68759.57,0
517,0,41,2,0,2,0,1,75937.47,0
571,1,35,8,0,2,0,0,84569.13,0
747,0,58,7,116313.57,1,1,1,190696.35,1
792,0,36,5,92140.15,1,0,1,67468.67,0
688,0,26,1,0,2,1,1,104435.94,0
714,0,42,2,177640.09,1,0,1,47166.55,0
562,1,35,0,0,2,1,0,119899.52,0
704,0,48,8,167997.6,1,1,1,173498.45,0
698,0,36,2,82275.35,2,1,1,93249.26,0
611,0,49,3,0,2,1,1,142917.54,0
850,1,48,6,111962.99,1,1,0,111755.8,0
743,1,34,1,131736.88,1,1,1,108543.21,0
654,0,29,1,0,1,1,0,180345.44,0
761,0,36,8,108239.11,2,0,0,99444.02,0
702,1,46,9,98444.19,1,0,1,109563.28,0
488,0,32,3,114540.38,1,1,0,92568.07,0
683,1,35,6,187530.66,2,1,1,37976.36,0
601,1,42,9,133636.16,1,0,1,103315.74,0
605,0,52,7,0,2,1,1,173952.5,0
671,1,44,0,84745.03,2,0,1,34673.98,0
614,1,31,7,120599.38,2,1,1,46163.44,0
511,1,29,9,0,2,0,1,140676.98,0
850,0,39,4,127771.35,2,0,1,151738.54,0
790,1,46,9,0,1,0,0,14679.81,1
793,1,33,0,0,1,0,0,175544.02,0
628,0,69,5,0,2,1,1,181964.6,0
598,0,53,10,167772.96,1,1,1,136886.86,0
657,1,37,6,95845.6,1,1,0,122218.23,0
618,1,35,10,0,2,1,0,180439.75,0
681,0,65,7,134714.7,2,0,1,190419.81,0
516,1,33,3,0,2,1,1,58685.59,0
421,0,28,8,122384.22,3,1,1,89017.38,1
700,1,26,2,0,2,0,0,50051.42,0
745,0,25,5,157993.15,2,1,0,146041.45,0
696,0,29,8,0,2,1,0,191166.09,0
580,1,42,2,123331.36,1,0,0,103516.08,1
497,0,27,9,75263.16,1,1,1,164825.04,0
720,1,43,6,137824.03,2,1,0,172557.77,0
659,0,36,4,132578.92,2,1,0,84320.94,0
841,1,36,5,156021.31,1,0,0,122662.98,0
642,0,34,8,0,1,1,0,72085.1,0
732,1,69,9,137453.43,1,0,1,110932.24,1
600,0,36,4,0,2,1,0,143635.36,0
464,0,33,8,164284.72,2,1,1,3710.34,0
680,1,47,5,0,2,1,1,179843.33,0
758,0,56,1,0,2,1,1,10643.38,0
630,1,31,2,112373.49,2,1,1,131167.98,0
577,1,39,10,0,2,1,0,10553.31,0
684,1,34,6,0,2,1,1,130928.22,0
708,1,41,5,0,1,0,1,157003.99,0
732,1,29,1,154333.82,1,1,1,138527.56,0
634,0,37,3,111432.77,2,1,1,167032.49,0
633,1,30,6,0,2,0,0,41642.29,0
559,0,34,2,137390.11,2,1,0,9677,0
694,1,37,3,0,2,1,1,147012.22,0
686,1,56,5,111642.08,1,1,1,80553.87,0
553,1,48,3,0,1,0,1,30730.95,1
507,0,36,4,83543.37,1,0,0,140134.43,0
732,0,50,6,145338.76,1,0,0,91936.1,1
818,1,31,1,186796.37,1,0,0,178252.63,0
660,0,35,8,58641.43,1,0,1,198674.08,0
773,1,41,5,0,1,1,0,28266.9,1
640,0,44,3,137148.68,1,1,0,92381.01,0
505,0,49,7,80001.23,1,0,0,135180.11,0
714,0,21,6,86402.52,2,0,0,27330.59,0
468,1,42,5,0,2,1,0,125305.34,0
611,0,51,1,122874.74,1,1,1,149648.45,0
705,0,25,0,97544.29,1,0,1,59887.15,0
646,0,46,1,170826.55,2,1,0,45041.32,0
667,1,48,1,97133.92,2,0,0,113316.77,1
511,1,41,8,153895.65,1,1,1,39087.42,0
653,1,43,6,0,2,1,1,7330.59,0
675,1,57,8,0,2,0,1,95463.29,0
523,0,32,4,0,2,1,0,167848.02,0
567,1,49,5,134956.02,1,1,0,93953.84,1
741,0,39,7,143637.58,2,0,1,174227.66,0
456,0,32,9,147506.25,1,1,1,135399.21,0
598,0,64,1,0,2,1,0,195635.3,1
667,0,43,8,190227.46,1,1,0,97508.04,1
548,1,32,2,172448.77,1,1,0,188083.77,1
725,0,41,7,113980.21,1,1,1,116704.25,0
717,0,53,6,0,2,0,1,97614.87,0
594,0,38,4,0,2,0,0,186884.04,0
678,1,25,10,76968.12,2,0,1,131501.72,0
545,0,38,1,88293.13,2,1,1,24302.95,0
636,1,48,1,170833.46,1,1,0,110510.28,1
603,0,44,6,108122.39,2,1,0,108488.33,1
435,0,36,4,0,1,1,1,197015.2,0
535,1,40,8,0,1,1,1,27689.77,0
629,1,45,7,129818.39,3,1,0,9217.55,1
722,1,35,2,163943.89,2,1,1,15068.18,0
561,0,28,7,0,2,1,0,7797.01,0
645,1,38,5,101430.3,2,0,1,4400.32,0
501,1,39,9,117301.66,1,0,0,182025.95,0
502,1,32,1,173340.83,1,0,1,122763.95,0
652,1,42,4,0,2,1,1,38152.01,0
574,1,33,3,134348.57,1,1,0,63163.99,0
518,1,45,9,105525.65,2,1,1,73418.29,0
749,1,60,6,0,1,1,0,17978.68,1
679,1,43,4,0,3,1,0,115136.51,1
565,0,36,6,106192.1,1,1,0,149575.59,0
643,1,45,4,45144.43,1,1,0,60917.24,1
515,0,65,7,92113.61,1,1,1,142548.33,0
521,0,25,7,0,2,1,1,157878.67,0
739,0,38,0,128366.44,1,1,0,12796.43,0
585,0,42,2,0,2,1,1,18657.77,0
733,0,74,3,106545.53,1,1,1,134589.58,0
542,1,43,8,145618.37,1,0,1,10350.74,0
788,0,37,8,141541.25,1,0,0,66013.27,0
435,0,32,2,57017.06,2,1,1,5907.11,0
577,0,42,9,0,1,1,0,74077.91,0
703,1,51,3,0,3,1,1,77294.56,1
728,1,35,8,125884.95,2,1,0,54359.02,1
728,0,32,5,61825.5,1,1,1,156124.93,0
718,0,35,8,0,2,1,0,94820.85,0
621,1,40,6,0,1,1,0,155155.25,0
523,1,40,2,102967.41,1,1,0,128702.1,1
657,0,25,2,171770.55,1,1,0,22745.5,0
727,0,40,1,93051.64,2,1,0,71865.31,1
643,0,36,7,161064.64,2,0,1,84294.82,0
645,1,48,7,90612.34,1,1,1,149139.13,0
568,0,28,5,145105.64,2,1,0,185489.11,0
599,0,58,4,0,1,0,0,176407.15,1
672,1,45,9,0,1,1,1,92027.69,1
685,0,33,6,174912.72,1,1,1,43932.54,0
516,1,46,1,104947.72,1,1,0,115789.25,1
685,0,31,10,135213.71,1,1,1,125777.28,0
806,0,25,7,0,2,1,0,18461.9,0
604,0,36,6,116229.85,2,1,1,79633.38,0
648,1,53,6,111201.41,1,1,1,121542.29,0
545,1,32,4,0,1,1,0,94739.2,0
756,0,27,1,131899,1,1,0,93302.29,0
569,0,35,10,124525.52,1,1,1,193793.78,0
596,0,47,6,0,1,1,0,74835.65,0
475,0,39,6,0,1,1,1,56999.9,1
646,1,45,3,47134.75,1,1,1,57236.44,0
784,0,35,3,0,2,0,0,81483.64,0
552,0,45,9,0,2,1,0,26752.56,0
729,0,44,5,0,2,0,1,9200.54,0
609,0,61,1,0,1,1,0,22447.85,1
555,0,51,5,0,3,1,0,189122.89,1
572,1,19,1,138657.08,1,1,1,16161.82,0
785,1,34,9,70302.48,1,1,1,68600.36,0
714,1,36,1,101609.01,2,1,1,447.73,0
738,0,35,3,0,1,1,1,15650.73,0
639,0,38,5,130170.82,1,1,1,149599.62,0
520,0,61,8,133802.29,2,1,1,90304.01,0
764,1,24,7,106234.02,1,0,0,115676.38,0
661,0,39,6,132628.98,1,0,0,38812.67,0
564,0,41,9,103522.75,2,1,1,34338.21,0
708,1,42,8,192390.52,2,1,0,823.36,0
512,0,36,1,0,1,0,1,135482.26,1
592,0,37,9,0,3,1,1,10656.89,0
619,1,38,3,0,2,0,1,116467.35,0
775,0,52,8,109922.61,1,1,1,96823.32,1
850,1,44,5,128605.32,1,0,1,171096.2,0
577,1,37,4,0,1,1,1,79881.39,0
724,1,37,10,68598.56,1,1,0,157862.82,0
710,0,35,1,106518.52,1,1,1,127951.81,0
696,1,31,8,0,2,0,0,191074.11,0
376,1,46,6,0,1,1,0,157333.69,1
675,1,29,8,121326.42,1,1,0,133457.52,0
745,0,36,8,67226.37,1,1,0,130789.6,0
697,1,25,5,82931.85,2,1,1,128373.88,0
599,1,39,4,0,1,1,0,194273.2,1
715,1,38,5,118590.41,1,1,1,5684.17,1
659,0,67,4,145981.87,1,1,1,131043.2,0
684,1,48,3,73309.38,1,0,0,21228.34,1
635,1,48,8,130796.33,2,1,1,43250.3,0
789,0,33,8,151607.56,1,1,0,4389.4,0
571,1,66,9,111577.01,1,0,1,189271.9,0
694,0,39,0,107042.74,1,1,1,102284.2,0
665,1,42,2,156371.61,2,0,1,156774.94,1
706,1,44,4,129605.99,1,0,0,69865.49,0
807,1,43,0,0,2,0,1,85523.24,0
771,1,67,8,0,2,1,1,51219.8,0
531,0,27,8,132576.25,1,0,0,7222.92,0
629,1,37,6,129101.3,1,1,1,23971.33,0
850,1,31,1,108822.4,1,1,1,132173.31,0
685,0,35,4,137948.51,1,1,0,113639.64,0
642,0,32,7,100433.8,1,1,1,39768.59,0
529,0,63,4,96134.11,3,1,0,108732.96,1
683,1,43,4,115888.04,1,1,1,117349.19,1
663,1,42,5,124626.07,1,1,1,78004.5,0
563,1,34,6,139810.34,1,1,1,152417.79,0
637,1,34,9,0,2,0,0,26057.08,0
544,0,37,3,84496.71,1,0,0,79972.09,0
649,0,70,9,116854.71,2,0,1,107125.79,0
638,1,48,10,138333.03,1,1,1,47679.14,0
723,0,25,3,0,2,1,1,134509.47,0
635,0,43,5,78992.75,2,0,0,153265.31,0
750,1,38,7,97257.41,2,0,1,179883.04,0
730,0,34,5,122453.37,2,1,0,138882.98,0
750,1,36,8,112940.07,1,0,1,9855.81,0
586,1,43,8,132558.26,1,1,0,67046.83,1
520,1,38,4,0,2,1,0,56388.63,0
652,1,48,8,133297.24,1,1,0,77764.37,0
550,1,46,7,0,2,1,0,130590.35,0
594,0,27,0,197041.8,1,0,0,151912.49,0
749,1,44,0,71497.79,2,0,0,151083.8,0
668,0,32,7,0,2,1,1,777.37,0
614,1,35,6,128100.28,1,0,0,69454.24,1
773,0,25,1,124532.78,2,0,1,11723.57,0
551,0,31,9,82293.82,2,1,1,91565.25,0
566,0,36,1,142120.91,1,1,0,79616.37,0
569,0,34,0,151839.26,1,1,0,102299.81,1
659,0,31,7,149620.88,2,1,1,104533.51,0
722,1,49,3,168197.66,1,1,0,140765.57,1
655,0,37,5,93147,2,1,0,66214.13,0
615,1,35,2,97440.02,2,1,1,139816.1,0
752,1,42,3,65046.08,2,0,1,140139.28,0
661,1,28,7,95357.49,1,0,0,102297.15,0
838,0,43,9,123105.88,2,1,0,145765.83,0
610,0,29,9,0,3,0,1,83912.24,0
811,0,44,3,0,2,0,1,78439.73,0
587,0,62,7,121286.27,1,0,1,6776.92,0
811,1,28,4,167738.82,2,1,1,9903.42,0
759,1,38,1,104091.29,1,0,0,91561.91,0
648,1,42,8,121980.56,2,1,0,4027.02,0
788,1,43,10,0,2,1,1,116111.51,0
725,0,39,1,50880.98,2,1,1,184023.54,0
646,1,42,3,175159.9,2,0,0,67124.48,1
601,1,26,7,105514.69,2,1,0,50070.59,0
521,0,52,5,116497.31,3,0,0,53793.1,1
561,1,33,6,0,2,1,0,45261.47,0
564,0,42,7,99824.45,1,1,1,36721.4,0
444,0,45,6,0,1,1,0,130009.85,1
650,0,71,0,0,1,1,1,175380.77,0
724,0,40,10,0,1,1,0,127847.25,1
719,0,35,3,122964.88,1,1,1,138231.7,0
548,1,29,4,0,2,0,1,48673.18,0
635,0,24,4,0,2,1,1,70668.77,0
496,1,43,3,0,2,0,1,199505.53,0
676,1,37,5,89634.69,1,1,1,169583.18,1
541,0,40,7,95710.11,2,1,0,49063.42,0
778,0,41,7,139706.31,1,1,0,63337.19,0
850,1,45,5,103909.86,1,1,0,60083.11,1
633,0,31,1,0,1,1,0,48606.71,0
625,0,49,6,173434.9,1,1,0,165580.93,1
485,0,32,6,102238.01,2,1,1,194010.12,0
547,1,48,1,179380.74,2,0,1,69263.1,0
642,0,32,3,0,2,1,1,88698.83,0
718,1,25,4,108691.95,1,1,0,63030.97,0
582,1,32,4,0,2,1,0,59668.81,0
628,0,33,6,0,2,0,0,184230.23,0
737,0,35,0,133377.8,1,0,1,64050.19,0
828,0,34,9,0,2,1,1,81853.98,0
609,0,53,10,0,1,1,1,154642.91,0
730,0,39,1,116537.6,1,0,0,145679.6,0
631,1,22,3,0,2,0,0,30781.77,0
830,0,40,4,0,2,0,1,81622.52,0
645,0,29,1,130131.08,2,0,1,196474.35,0
663,0,46,3,0,2,0,1,176276.1,0
678,0,30,0,0,1,1,0,35113.08,0
521,0,30,2,107316.09,1,1,0,64299.82,0
625,1,24,1,0,2,1,1,180969.55,0
523,0,30,1,83181.29,1,1,1,138176.78,0
714,1,72,3,0,1,1,1,86733.61,0
580,0,67,3,153946.14,1,1,1,7418.92,0
722,0,30,5,0,2,1,0,166376.54,0
630,1,39,7,135483.17,1,1,0,140881.2,1
579,0,35,1,0,2,1,0,4460.2,0
670,1,38,4,119624.54,2,1,1,110472.12,0
588,0,34,6,121132.26,2,1,0,86460.28,0
807,1,42,1,0,1,1,0,16500.66,1
726,1,48,4,0,1,1,0,114020.06,1
812,0,25,5,54817.55,1,1,0,131660.31,0
631,0,40,3,107949.45,1,1,0,52449.62,1
682,0,30,4,0,1,0,1,161465.31,0
625,1,49,2,80816.45,1,1,1,20018.79,0
607,0,38,3,98205.77,1,1,0,176318.27,0
600,1,50,6,94684.27,1,1,1,50488.91,0
602,1,22,7,141604.76,1,1,0,30379.6,0
545,1,74,3,0,2,1,1,161326.73,0
675,0,33,3,0,2,1,0,45348.08,0
581,1,47,1,122949.14,1,0,0,180251.68,1
640,0,33,8,81677.22,2,0,0,34925.56,0
850,0,38,7,80293.98,1,0,0,126555.74,0
490,1,48,8,155413.06,1,1,0,187921.3,0
710,1,38,4,0,2,1,1,136390.88,0
613,0,38,9,67111.65,1,1,0,78566.64,1
812,0,34,5,103818.43,1,1,1,166038.27,0
723,1,20,4,0,2,1,1,140385.33,0
512,0,36,4,152169.12,2,0,0,38629.3,1
731,1,52,10,0,1,1,1,24998.75,1
650,0,26,4,214346.96,2,1,0,128815.33,0
594,0,57,6,0,1,1,0,19376.56,1
844,0,40,7,113348.14,1,1,0,31904.31,1
686,1,47,5,170935.94,1,1,0,173179.79,1
695,0,52,8,103023.26,1,1,1,22485.64,0
624,1,23,6,0,2,0,1,196668.51,0
503,0,37,6,0,2,0,0,136506.86,0
535,1,31,7,111855.04,2,1,1,36278.89,0
743,1,32,6,140348.56,2,1,1,163254.39,0
702,0,39,8,0,2,1,0,99654.13,0
658,0,29,3,145512.84,1,1,0,20207.02,0
677,1,41,8,146720.98,2,1,1,4195.84,0
664,0,32,10,107209.73,1,1,1,112340.2,0
766,1,38,7,130933.74,1,0,1,2035.94,0
461,1,35,8,0,1,1,0,132295.95,0
688,0,36,0,89772.3,1,1,0,177383.68,1
678,1,32,5,0,2,1,0,90284.47,0
796,0,24,8,0,2,1,0,61349.37,0
803,0,42,5,0,1,1,0,196466.83,1
712,0,36,2,100749.5,3,0,0,70758.37,1
498,1,31,10,0,2,1,0,13892.57,0
850,0,22,2,0,2,1,1,9684.52,0
628,1,51,3,123981.31,2,1,1,40546.15,0
539,1,34,4,91622.42,1,1,1,136603.42,0
732,0,36,7,126195.81,1,1,1,133172.48,0
715,0,41,4,94267.9,1,0,1,152821.12,1
651,0,40,4,0,2,1,1,147715.83,0
813,0,34,0,0,2,1,0,43169.15,0
692,0,29,4,0,1,1,0,76755.99,1
756,1,39,3,100717.85,3,1,1,73406.04,1
543,0,36,6,0,2,1,0,176728.28,0
790,1,26,4,141581.71,2,0,0,98309.27,0
494,0,38,7,0,2,1,1,6203.66,0
850,1,39,2,148586.64,1,1,1,176791.27,0
703,0,29,9,0,2,1,0,50679.48,0
432,0,38,7,0,2,1,0,150580.88,0
512,1,32,2,123403.85,2,1,0,80120.19,0
589,0,28,7,0,2,1,0,151645.96,0
514,1,46,3,106511.85,1,1,0,55072.32,0
678,1,38,2,0,2,0,0,115068.99,0
420,1,34,1,135549.9,1,0,0,149471.13,1
679,0,38,7,110555.37,2,1,0,46522.68,0
595,0,31,4,0,2,1,0,189995.86,0
713,1,52,0,185891.54,1,1,1,46369.57,1
833,0,59,1,130854.59,1,1,1,30722.52,1
690,1,42,3,92578.14,2,0,0,70810.6,0
731,1,21,8,132312.06,1,1,0,106663.46,1
608,1,62,8,144976.5,1,0,0,175836.03,1
479,0,48,5,87070.23,1,0,1,85646.41,0
519,0,42,8,0,2,1,1,101485.72,0
731,1,47,1,115414.19,3,0,0,191734.67,1
617,0,61,7,91070.43,1,1,1,101839.77,0
756,0,29,2,117412.19,2,1,0,4888.91,0
848,0,31,4,90018.45,2,1,0,193132.98,0
809,1,24,4,0,2,1,0,193518.76,0
698,0,56,1,112414.81,2,0,0,93982.02,1
779,0,33,1,158456.76,1,1,1,197000.92,1
606,0,35,7,0,1,1,0,106837.06,1
612,1,58,1,149641.53,1,1,1,115161.28,0
663,1,33,8,122528.18,1,1,0,196260.3,0
549,1,45,3,143734.01,2,1,1,96404.38,0
675,1,32,2,155663.31,1,1,0,97658.66,0
669,1,35,7,0,1,1,1,49108.23,1
571,1,34,1,101736.66,1,0,1,195651.66,0
500,0,37,9,125822.21,1,1,0,111698,0
628,0,37,0,0,2,1,1,171707.93,0
559,0,34,4,0,2,1,1,66721.98,0
769,1,27,2,0,1,1,1,57876.05,0
733,0,31,6,157791.07,2,0,0,177994.81,0
750,0,22,5,0,2,0,1,105125.65,0
583,1,42,4,0,2,1,0,17439.66,0
468,0,42,9,181627.14,2,1,0,172668.39,0
727,1,57,1,109679.72,1,0,1,753.37,0
618,1,37,5,96652.86,1,1,0,98686.4,1
617,0,40,5,190008.32,2,1,1,107047.92,0
793,0,41,9,0,2,1,0,152153.74,0
630,0,43,9,0,2,1,1,34338.04,0
765,0,43,4,148962.76,1,0,1,173878.87,1
546,0,28,8,0,1,1,0,159254.29,0
614,1,30,3,131344.52,2,1,0,54776.64,0
593,1,29,5,101713.84,3,1,0,134594.99,0
613,0,34,3,0,1,1,1,41724.72,0
655,0,38,4,0,2,0,0,110527.71,0
700,1,27,6,137963.07,1,0,0,8996.79,0
826,1,29,4,129938.07,1,0,1,190200.53,0
652,0,45,2,151421.44,1,0,1,115333.43,0
755,1,45,7,135643,1,0,0,143619.52,1
538,0,39,2,122773.5,2,1,1,58467.08,0
729,0,34,3,152303.8,1,1,0,12128.69,0
615,0,49,3,0,2,1,1,49872.33,0
700,0,54,1,79415.67,1,0,1,139735.54,0
434,1,58,9,125801.03,2,1,0,60891.8,1
729,0,37,10,0,2,1,0,100862.54,0
513,0,35,8,0,1,1,0,76640.29,1
755,0,41,6,104817.41,1,1,0,126013.58,1
615,1,30,9,0,1,1,0,87347.82,0
747,1,32,5,67495.04,2,0,1,77370.37,0
850,1,36,0,164850.54,1,1,1,62722.44,0
712,1,49,5,154776.42,2,0,0,196257.68,0
622,1,28,1,143124.63,2,1,0,81723.8,0
548,1,35,10,0,1,1,1,31299.71,0
607,1,27,2,0,2,1,0,63495.86,0
653,1,38,8,102133.38,1,1,1,166520.96,0
699,0,26,6,79932.41,1,0,0,150242.44,0
693,0,40,0,120711.73,1,0,0,27345.18,1
647,1,43,3,122717.53,2,1,1,87000.39,0
478,1,36,3,92363.3,2,1,0,44912.7,0
705,1,40,5,203715.15,1,1,0,179978.68,1
719,0,39,5,0,2,1,0,145759.7,0
726,0,34,9,0,2,0,0,14121.61,0
626,0,21,1,0,2,1,0,66232.23,0
552,0,49,4,0,1,1,1,190296.76,1
807,1,31,1,93460.47,2,0,0,172782.69,0
621,0,34,6,0,2,1,1,99128.13,0
651,1,24,7,40224.7,1,1,1,178341.33,0
673,1,43,5,168069.73,1,1,1,146992.24,1
652,0,36,1,0,2,1,1,151314.98,0
584,0,47,7,130538.77,1,1,0,92915.84,0
756,0,37,3,132623.6,1,1,1,58974,0
670,1,35,3,103465.02,2,1,1,174627.06,0
765,1,50,9,126547.8,1,1,1,79579.94,1
528,0,30,2,128262.72,2,1,0,50771.16,0
701,0,40,5,169742.64,1,1,1,153537.55,1
797,1,29,1,0,2,1,1,132975.39,0
639,0,27,3,150795.81,1,0,1,85208.93,0
785,1,61,4,129855.72,2,1,0,170214.82,1
363,1,28,6,146098.43,3,1,0,100615.14,1
764,1,24,7,0,2,1,0,186105.99,0
676,1,43,2,0,1,1,1,55119.53,0
718,0,28,4,65643.3,1,1,0,28760.99,0
590,1,34,6,0,2,1,0,171021.44,0
584,0,38,9,104584.16,1,1,0,176678.72,0
645,0,41,7,0,1,0,1,28667.56,0
772,0,30,6,99785.28,2,0,0,197238.03,0
399,0,46,2,127655.22,1,1,0,139994.68,1
529,0,22,5,0,1,1,0,151169.83,0
463,0,35,2,101257.16,1,1,1,118113.64,0
630,1,40,7,0,2,1,1,34453.17,0
780,0,76,10,121313.88,1,0,1,64872.33,0
584,0,32,5,0,2,1,0,10956.82,0
752,0,30,4,81523.38,1,1,1,36885.85,0
697,1,47,6,128252.66,1,1,1,168053.4,0
850,1,32,7,0,2,0,0,155227,0
711,0,51,7,0,3,1,0,38409.79,1
452,1,32,5,0,2,0,1,75279.39,0
610,0,42,6,0,2,1,0,158302.59,1
694,1,22,4,0,2,1,1,11525.72,0
579,0,33,6,0,1,1,0,94993.04,1
745,1,54,8,0,1,1,0,173912.29,1
572,0,33,5,0,1,0,1,41139.05,0
505,0,29,3,145541.56,2,1,1,58019.95,0
706,1,23,5,0,1,0,0,164128.41,1
693,0,44,5,124601.58,2,1,1,46998.13,1
725,1,33,7,115182.84,2,1,1,177279.41,0
791,0,37,2,163789.49,2,1,0,75832.53,0
536,0,46,1,65733.41,1,1,0,61094.53,0
699,0,47,1,0,2,0,1,30117.44,0
500,1,47,8,128486.11,1,1,0,179227.12,0
707,1,53,6,109663.47,1,1,1,52110.45,0
531,1,42,6,88324.31,2,1,0,75248.75,0
557,1,28,7,146445.24,2,1,0,184317.74,0
659,1,38,3,0,2,1,0,158553.1,0
575,1,31,6,0,2,1,1,95686.42,0
775,0,36,2,109949.05,2,0,1,71682.54,0
772,0,30,4,78653.05,1,1,0,1790.48,0
587,0,46,9,107850.82,1,1,0,139431,1
667,1,39,4,83765.35,2,1,0,118358.54,0
771,1,66,7,143773.07,1,1,1,130827.88,0
523,0,63,6,116227.27,1,1,1,119404.63,0
662,0,33,0,103471.52,1,1,1,162703,0
717,0,42,5,0,2,1,0,172665.21,0
746,0,24,3,137492.35,2,0,1,170142.09,0
569,0,28,7,0,2,1,0,73977.23,0
579,0,36,9,129829.59,1,1,1,60906.12,0
519,1,21,1,146329.57,2,1,1,194867.27,0
696,0,30,4,114027.7,1,1,1,193716.56,0
693,0,25,6,146580.69,1,0,1,14633.35,0
587,1,38,0,132122.42,2,0,0,31730.32,0
626,1,44,10,81553.93,1,1,0,20063.63,1
666,1,66,7,0,2,1,1,99792.82,0
512,0,24,6,0,2,1,0,37654.31,0
689,1,28,3,0,2,1,1,192449.02,0
803,1,26,4,0,2,1,1,181208.47,0
548,0,32,5,175214.71,1,1,1,155165.61,0
588,1,40,10,125534.51,1,1,0,121504.18,1
693,0,68,4,97705.99,1,1,1,61569.07,0
499,1,55,4,126817.65,2,1,0,123269.71,0
628,1,46,1,46870.43,4,1,0,31272.14,1
624,0,46,3,0,2,1,1,62825.03,0
733,0,42,9,120094.93,1,1,0,184056.45,0
628,1,38,3,0,2,1,1,48924.73,0
633,1,33,3,0,2,1,0,191111.02,0
559,1,36,1,104356.94,2,0,1,54184.06,0
704,0,27,5,147004.34,1,1,0,64381.33,1
744,0,38,6,73023.17,2,1,0,78770.86,0
665,1,40,1,173432.55,1,0,1,116766.79,0
638,1,42,7,165679.92,1,0,0,32916.29,0
837,0,31,9,104678.62,1,0,1,50972.6,0
534,1,55,8,116973.26,3,1,0,122066.5,1
548,1,36,3,0,1,1,0,65996.9,0
837,0,38,2,126732.85,1,1,1,79577.38,0
658,1,44,6,148481.09,1,1,0,130529.13,0
554,1,38,4,137654.05,2,1,1,172629.67,0
724,0,30,7,115315.04,1,1,0,15216.53,0
723,0,42,2,99095.73,1,1,1,17512.53,0
585,1,39,7,165610.41,2,0,0,131852.01,0
474,0,33,5,0,2,1,0,181945.52,1
562,0,32,6,161628.66,1,1,0,91482.5,0
719,0,32,9,146605.27,1,1,1,77119.45,0
635,0,37,5,113488.68,1,1,0,95611.74,1
743,0,42,7,77002.2,2,1,1,80428.42,0
681,0,67,7,0,2,0,1,163714.92,0
521,1,39,6,0,2,0,1,27375.15,0
741,0,25,4,0,2,1,1,73873.65,0
790,0,46,8,182364.53,1,0,0,139266.48,1
622,0,35,8,0,2,1,1,131772.51,0
669,0,45,7,149364.58,1,0,1,173454.07,0
583,0,59,7,127450.14,1,0,1,67552.71,0
520,1,63,5,162278.32,1,1,1,34765.33,0
579,0,37,5,152212.88,2,0,0,120219.14,0
698,1,39,9,161993.89,1,0,0,90212.38,0
548,0,39,7,131468.44,1,1,0,164975.82,0
672,0,40,10,102980.44,1,1,0,1285.81,1
653,0,31,9,143321.97,1,1,0,83679.46,0
734,1,37,2,130404.92,1,0,0,34548.74,0
794,1,41,7,0,2,1,1,74275.08,0
641,0,30,2,87505.47,2,0,1,7278.57,0
824,0,30,0,133634.02,1,1,1,162053.92,0
534,1,33,3,151233.62,1,0,0,199336.63,0
653,0,55,2,70263.83,1,0,1,62347.71,0
498,0,34,5,0,2,1,1,91711.66,0
683,0,30,10,57657.49,1,0,0,79240.9,0
618,0,42,8,153572.31,2,1,1,76679.6,0
538,0,37,1,134752.08,1,1,0,162511.55,0
643,0,34,3,83132.09,1,1,1,21360.88,0
428,1,31,2,0,2,1,0,54487.43,0
593,1,32,9,134096.53,2,1,0,53931.05,1
718,1,31,0,118100.59,2,1,0,103165.15,0
811,0,52,10,76915.4,1,0,0,146359.81,1
823,1,46,3,81576.75,1,1,1,28370.95,1
645,0,49,2,0,2,0,0,10023.15,0
710,0,33,10,118327.17,2,1,1,192928.82,0
591,0,30,8,124857.69,2,0,0,50485.7,0
748,1,27,2,90971.85,1,1,1,131662.47,0
850,1,37,7,153147.75,1,1,1,152235.3,0
542,0,38,8,65942.26,1,1,1,68093.23,1
809,0,38,3,0,2,1,1,80061.31,0
675,0,54,2,0,1,1,0,149583.67,1
607,1,27,5,100912.19,1,0,0,7631.27,0
850,1,31,4,0,2,1,1,33082.81,0
789,0,37,3,0,1,1,0,121883.87,1
598,1,43,5,0,3,1,1,100722.72,1
756,0,41,2,124439.49,2,0,1,47093.11,0
687,1,47,7,0,2,1,1,177624.01,0
724,0,40,6,0,2,0,0,106149.48,0
700,1,44,2,58781.76,1,1,0,16874.92,0
635,0,50,7,159453.64,2,0,0,54560.79,1
687,0,26,2,142721.52,1,1,1,153605.75,0
613,1,46,8,167795.6,1,0,1,44390.38,0
781,1,38,3,128345.69,2,1,0,63218.85,0
703,0,20,3,165260.98,1,1,1,41626.78,0
593,1,62,3,118233.81,1,0,1,24765.53,1
743,1,40,6,0,1,1,0,28280.8,1
640,1,46,8,0,2,1,0,89043.19,0
849,0,37,7,143452.74,2,1,1,17294.12,0
778,0,38,3,145018.49,2,1,1,126702.41,0
539,1,38,8,82407.51,1,1,0,13123.41,0
489,0,28,1,79460.98,2,1,1,167973.63,0
568,1,43,9,0,1,1,0,125870.79,1
618,0,38,5,126473.99,1,1,0,91972.49,0
710,1,30,10,133537.1,2,1,0,155593.74,0
625,0,52,5,164978.01,1,1,1,67788.49,0
682,0,46,7,128029.72,1,1,1,62615.35,0
727,0,43,2,97403.18,1,1,1,107415.02,1
794,1,41,7,176845.41,3,1,0,166526.26,1
652,0,71,4,0,1,1,1,120107.1,0
670,0,42,3,81589.04,1,1,0,188227.8,0
460,1,40,6,119507.58,2,1,0,91560.63,1
568,1,26,6,0,2,0,0,166495.2,0
643,0,30,5,94443.77,1,1,1,165614.4,0
521,0,37,2,0,2,1,1,86372.24,0
615,0,32,7,92199.84,1,1,1,2755.53,0
575,0,43,3,0,1,1,0,83594.51,0
717,1,41,3,135756.96,1,1,1,103706.41,0
648,1,54,9,120633.42,1,0,0,5924.38,1
535,0,48,5,134542.73,1,1,1,58203.67,1
626,0,29,7,0,2,1,0,49361.84,0
611,0,52,7,0,1,0,1,73585.18,1
734,0,39,6,0,1,1,1,95135.27,0
709,0,49,4,154344.49,2,1,1,38794.57,0
591,0,43,3,0,2,0,1,198926.36,0
664,0,43,9,189026.53,2,1,1,56099.86,0
431,0,37,0,120764.08,1,1,1,117023.08,0
647,1,22,3,97975.82,2,0,1,62083,0
578,0,32,4,0,2,1,1,141822.8,0
555,0,41,10,113270.2,2,1,1,185387.14,0
775,0,30,4,0,2,0,1,57461.13,0
850,0,39,3,124548.99,2,1,1,120380.12,0
625,0,43,8,201696.07,1,1,0,133020.9,1
645,1,37,7,0,2,1,0,13589.93,0
608,0,44,7,114203.47,1,1,1,77830.36,1
689,1,31,4,0,2,1,1,136610.02,0
652,0,50,8,125437.64,1,1,1,17160.94,1
769,1,26,7,0,2,1,0,176843.53,0
611,1,43,8,64897.75,1,1,0,114996.33,0
489,0,38,8,0,2,0,1,196990.79,0
528,1,46,9,135555.66,1,1,0,133146.03,1
632,0,44,3,107764.75,1,1,0,185667.72,0
429,1,27,6,117307.44,2,1,1,24020.49,0
457,0,41,8,73700.12,3,1,1,185750.02,1
768,1,44,6,60603.4,1,1,1,178045.97,0
715,1,35,4,40169.88,2,1,1,199857.47,0
668,1,32,10,92041.87,1,1,1,43595.9,0
625,0,26,3,130483.95,1,1,0,122810.53,0
846,1,41,5,0,3,1,0,3440.47,1
661,1,42,3,0,2,1,0,35989.41,0
571,1,23,10,151097.28,1,0,1,17163.75,0
582,1,46,8,67563.31,1,1,0,44506.09,1
716,1,35,8,112808.18,1,0,1,17848.3,0
758,1,42,7,0,2,0,1,76209.56,0
725,0,66,4,86459.8,1,1,1,141476.56,0
630,1,40,0,118633.08,1,0,1,60032.46,1
627,1,55,2,159441.27,1,1,0,100686.11,1
653,1,27,9,0,2,1,0,96429.29,0
775,1,38,4,125212.65,2,1,1,15795.88,1
794,0,45,8,88656.37,2,1,0,116547.31,0
831,1,32,2,146033.62,1,1,0,191260.74,0
561,0,29,9,120268.13,1,1,1,173870.39,0
705,0,46,7,0,2,1,0,117273.35,0
636,1,33,0,0,1,1,0,92277.47,1
487,1,46,4,135070.58,2,1,1,44244.49,1
693,1,38,3,0,2,0,0,78133.48,1
517,1,29,5,0,2,1,0,103402.88,0
684,1,27,9,122550.05,2,0,1,137835.82,0
620,1,43,2,0,2,1,0,20670.1,0
757,0,29,8,130306.49,1,1,0,77469.38,0
739,1,27,6,0,1,1,1,57572.38,0
662,1,41,4,90350.77,1,1,0,75884.65,1
359,1,44,6,128747.69,1,1,0,146955.71,1
572,0,23,2,126873.52,1,0,1,67040.12,0
721,0,69,2,108424.19,1,1,1,178418.35,0
707,0,32,9,0,2,0,0,30807.02,0
444,1,40,5,84350.07,1,1,0,143835.76,0
523,1,73,7,0,2,0,0,130883.9,1
685,1,30,4,84958.6,2,0,1,194343.72,0
673,1,29,4,99097.36,1,1,1,9796.69,0
503,0,30,10,136622.55,2,0,0,47310.24,0
485,1,30,5,156771.68,1,1,1,141148.21,0
799,0,28,7,167658.33,2,1,1,111138.25,0
585,1,33,8,0,2,1,0,114182.07,0
607,1,24,2,109483.54,2,0,1,127560.77,0
521,1,40,9,134504.78,1,1,0,18082.06,0
535,1,44,2,114427.86,1,1,1,136330.26,0
724,0,45,5,83888.54,1,0,1,34121.81,0
520,0,32,5,110029.77,1,1,0,56246.69,0
696,0,41,9,127523.75,1,0,1,191417.42,0
657,0,30,1,139762.13,2,1,1,23317.88,0
603,1,42,8,91611.12,1,0,0,144675.3,1
726,1,42,2,109471.79,1,0,1,175161.05,0
591,1,39,4,150500.64,1,1,0,14928.8,0
792,1,59,9,101609.77,1,0,0,161479.19,1
550,0,57,5,0,1,1,1,133501.94,0
601,1,26,8,78892.23,1,1,1,23703.52,0
820,1,29,3,82344.84,1,0,1,115985.38,0
667,0,48,2,0,1,1,0,43229.2,0
573,1,44,4,0,1,1,1,94862.93,0
755,0,62,1,127706.33,2,0,1,142377.69,0
552,1,41,9,124349.34,1,1,0,135635.25,0
598,0,44,8,0,2,1,0,148487.9,0
576,0,28,1,119336.29,2,0,1,58976.85,0
670,1,31,9,0,1,0,1,76254.83,0
504,0,56,9,104217.3,1,0,0,55857.48,1
778,1,65,7,0,1,1,1,77867.23,0
558,0,39,10,144757.02,1,1,0,22878.16,1
627,0,44,6,0,1,1,1,114469.55,0
683,0,43,8,0,1,1,0,96754.8,0
556,1,43,6,0,3,0,0,125154.57,1
583,1,38,10,0,2,0,1,113597.64,0
705,1,24,7,100169.51,1,1,0,121408.55,0
637,0,33,2,145731.83,1,0,1,109219.43,0
697,0,56,5,110802.03,1,1,1,50230.31,1
555,1,46,4,120392.99,1,1,0,177719.88,1
594,1,26,6,135067.52,2,0,0,131211.86,0
632,0,31,3,136556.44,1,1,0,82152.83,1
551,1,38,10,0,2,1,1,216.27,0
687,1,35,3,99587.43,1,1,1,1713.1,1
672,1,53,7,0,1,1,1,136910.18,0
521,1,34,7,70731.07,1,1,1,20243.97,1
686,0,35,2,109342.82,2,0,1,86043.27,0
639,0,28,8,0,2,1,0,126561.07,0
850,0,66,4,0,2,0,1,64350.8,0
465,0,25,2,78247.31,2,1,1,10472.31,0
817,1,55,10,117561.49,1,1,0,95941.55,1
578,0,23,10,88980.32,1,1,1,125222.36,0
611,0,34,4,0,2,1,0,170950.58,0
616,1,41,1,103560.57,1,1,0,236.45,1
517,0,37,5,113308.84,1,0,1,31517.16,0
637,1,40,6,0,2,1,1,181610.6,0
806,1,32,3,63763.49,1,1,0,156593.09,0
633,1,29,7,169988.35,1,1,0,4272,0
624,1,35,0,180303.24,2,1,0,163587.9,0
691,0,52,3,0,1,1,0,175843.68,1
819,1,49,1,120656.86,4,0,0,166164.3,1
568,1,31,1,61592.14,2,1,1,61796.64,0
806,0,48,4,164701.68,1,1,1,21439.49,0
726,1,26,1,80780.16,1,1,1,19225.85,0
552,0,36,8,0,2,0,0,132547.02,0
755,1,30,6,154221.37,2,0,1,62688.55,0
634,0,26,8,0,1,1,0,21760.96,0
756,1,26,5,101641.14,2,0,1,154460.68,0
776,0,37,2,0,1,0,1,8065,0
649,1,45,5,92786.66,1,1,0,173365.9,1
595,0,32,8,131081.66,2,1,1,69428.79,0
646,0,30,5,98014.74,1,1,1,12757.14,0
592,0,38,8,0,2,1,0,180426.2,0
574,0,26,8,97460.1,1,1,1,43093.67,0
850,0,36,1,104077.19,2,0,1,68594,0
850,1,29,1,0,2,1,1,197996.65,0
475,1,46,10,0,2,0,0,122953,1
642,1,39,4,0,1,1,1,76821.24,0
710,1,51,4,93656.95,1,0,1,141400.51,1
596,0,30,6,121345.88,4,1,0,41921.75,1
609,1,39,8,141675.23,1,0,1,175664.25,0
797,1,31,8,0,2,1,0,117916.63,0
504,1,43,7,102365.49,1,1,0,194690.77,1
735,0,50,9,0,1,0,0,166677.35,1
680,1,30,3,0,1,1,0,160131.58,0
449,0,52,6,0,2,0,1,123622,0
685,0,57,7,101868.51,1,0,1,113483.96,0
569,0,38,8,0,2,0,0,79618.79,0
631,0,35,9,112392.45,2,1,0,24472.23,0
595,1,25,7,106570.34,2,0,1,177025.79,0
461,1,28,8,0,1,1,1,103349.74,0
630,0,50,1,81947.76,1,0,1,63606.22,1
661,1,31,7,144162.3,2,1,1,14490.79,0
796,0,39,5,86350.87,2,0,0,105080.53,0
710,0,47,5,158623.14,1,0,0,83499.89,1
741,0,32,8,0,2,1,0,143598.7,0
606,0,48,4,132403.56,1,0,0,36091.91,1
747,0,27,10,0,2,0,0,13007.89,0
549,1,43,3,134985.66,1,1,0,6101.41,0
576,0,36,6,0,2,1,1,48314,0
528,0,37,6,103772.45,1,1,0,197111.99,0
535,0,33,2,133040.32,1,1,1,110299.78,0
575,1,37,0,0,2,0,0,30114.32,0
656,0,39,10,0,2,1,1,98894.64,0
440,0,42,2,0,2,1,0,49826.68,0
539,0,38,8,71460.67,2,1,1,10074.05,0
850,0,39,6,133214.13,1,0,1,20769.88,0
646,1,37,7,96558.66,1,0,0,163427.18,0
744,0,54,6,93806.31,2,0,1,140068.77,0
710,1,36,8,0,2,0,0,83206.19,0
544,1,64,3,124043.8,1,1,1,111402.97,1
723,0,52,5,131694.97,1,0,1,92873.5,1
507,1,29,6,0,2,0,1,94780.9,0
787,1,35,1,106266.8,1,1,1,16607.15,0
598,0,41,8,0,2,1,1,161954.43,0
796,0,51,6,0,2,0,1,194733.28,0
569,1,41,4,139840.36,1,1,1,163524.7,0
711,0,34,8,0,2,0,0,48260.19,0
661,0,35,8,124098.54,1,1,0,86678.48,0
415,0,32,5,145807.59,1,1,1,3064.65,0
578,0,23,8,0,2,1,0,112124.98,0
611,1,26,2,107508.93,2,1,1,120801.65,0
600,1,28,6,0,2,0,1,52193.23,0
661,1,32,1,145980.23,1,0,1,56636.28,0
850,1,37,3,212778.2,1,0,1,69372.88,0
573,1,47,4,152522.47,1,0,1,164038.07,1
764,1,33,9,168964.77,1,0,1,118982.51,0
838,1,34,8,0,2,1,0,27472.07,0
821,1,28,8,0,1,1,1,36754.13,0
607,1,36,4,98266.3,1,1,1,46416.36,0
558,0,38,8,113000.92,1,1,1,152872.39,0
530,0,23,1,137060.88,2,1,1,165227.23,0
654,0,37,5,112146.12,1,1,0,75927.35,0
530,1,33,4,129307.32,1,1,1,172930.28,0
656,0,69,6,163975.09,1,1,1,36108.5,0
520,0,43,7,0,2,1,1,36202.74,0
602,1,42,6,158414.85,1,1,1,131886.46,0
701,1,48,1,92072.68,1,1,1,133992.36,0
653,1,30,2,88243.29,2,1,1,96658.26,0
668,0,25,8,0,2,1,1,135112.09,0
652,0,48,4,59486.31,1,1,0,163944.18,1
639,1,54,2,0,2,1,1,53843.71,0
730,1,52,7,0,2,0,1,122398.84,0
780,0,34,1,0,1,1,1,64804.04,0
592,1,38,8,119278.01,2,0,1,19370.73,0
628,0,34,4,158741.43,2,1,1,126192.54,0
658,1,40,7,140596.95,1,0,1,135459.02,1
850,1,29,10,0,2,1,1,94815.04,0
515,0,37,2,90432.92,1,1,1,188366.04,1
571,1,35,1,104783.81,2,0,1,178512.52,0
760,0,42,0,77992.97,2,1,1,97906.38,0
720,1,43,10,110822.9,1,0,0,72861.94,0
632,0,42,4,119624.6,2,1,1,195978.86,0
694,0,31,6,109052.59,2,1,1,19448.93,1
559,1,40,5,139129.44,1,0,1,32635.54,0
773,1,42,8,152324.66,2,1,0,171733.22,0
581,0,38,1,0,2,1,0,46176.22,0
524,1,37,9,127480.58,2,1,0,179634.69,0
713,0,53,6,115029.4,1,0,0,191521.32,1
676,0,40,8,114005.78,1,1,1,67998.45,0
651,1,42,1,116646.76,1,1,0,44731.8,1
717,1,49,1,110864.38,2,1,1,124532.9,1
594,0,23,5,156267.59,1,1,0,160968.44,0
716,1,44,3,109528.28,1,1,0,27341.63,1
668,1,35,6,102482.76,1,1,1,53994.64,0
678,0,23,10,115563.71,1,1,1,91633.53,0
545,0,23,2,0,2,1,0,189613.12,0
613,1,40,9,95624.36,2,1,1,60706.33,0
687,1,21,8,0,2,1,1,154767.34,0
715,0,28,7,160376.61,1,0,0,196853.11,0
618,0,41,8,37702.79,1,1,1,195775.48,0
721,1,35,6,118273.83,1,0,1,3086.89,0
445,1,34,7,131082.17,2,1,1,70618,0
690,0,38,1,94456,2,0,1,55034.02,0
709,1,43,8,0,2,0,0,168035.62,1
671,1,42,3,0,2,1,1,128449.33,0
538,0,33,6,93791.38,1,1,1,199249.29,0
735,1,33,4,0,2,1,0,149474.69,0
592,1,37,7,0,2,1,1,126726.33,0
747,0,61,7,155973.13,1,0,1,147554.26,0
675,0,36,7,89409.95,1,1,1,149399.7,0
632,1,39,5,97854.37,2,1,0,93536.38,0
621,0,39,6,0,2,1,1,58883.91,0
521,0,29,3,60280.62,1,1,0,154271.41,0
591,0,36,7,135216.8,1,1,1,122022.89,0
706,1,28,6,124923.35,2,1,1,50299.14,0
677,0,38,4,0,2,1,0,187800.63,0
769,0,27,7,188614.07,1,1,0,171344.09,0
771,0,32,5,62321.62,1,1,1,40920.59,0
601,1,48,8,120782.7,1,1,0,63940.68,1
670,1,42,1,115961.58,2,0,1,29483.87,0
517,0,28,2,115062.61,1,1,0,179056.23,0
834,1,49,8,160602.25,2,1,0,129273.94,0
571,1,42,4,108825.34,3,1,0,55558.51,1
576,1,36,8,166287.85,1,1,1,23305.85,0
718,1,31,1,152663.77,1,0,1,17128.64,0
636,1,31,9,80844.69,2,1,1,74641.9,0
566,1,40,2,97001.36,2,1,0,154486.01,0
711,0,64,4,0,2,1,1,3185.67,0
574,1,39,2,122524.61,2,1,0,88463.63,0
619,1,35,8,132292.63,1,1,0,65682.93,0
588,1,24,0,0,2,1,1,140586.08,0
760,1,49,9,91502.99,1,1,0,117232.9,1
665,0,52,3,0,1,1,0,116137.01,1
739,0,29,3,59385.98,2,1,1,105533.96,0
641,0,77,9,0,3,1,1,81514.06,0
685,1,21,6,97956.5,1,1,1,164966.27,0
594,1,49,4,0,2,1,1,23631.55,0
557,1,40,4,0,2,0,1,105433.53,0
697,0,27,8,141223.68,2,1,0,90591.15,0
656,0,18,10,151762.74,1,0,1,127014.32,0
712,0,43,1,141749.74,2,0,1,90905.26,0
689,0,38,5,75075.14,1,1,1,8651.92,1
697,1,25,4,165686.11,2,1,0,15467.98,0
589,0,38,2,0,1,1,0,79915.28,0
525,1,25,10,0,2,1,0,69361.95,0
680,0,44,3,0,2,1,0,86935.08,0
617,1,28,0,0,2,1,1,7597.83,1
680,0,32,5,92961.61,1,1,0,116957.6,0
662,1,30,9,0,2,0,1,157884.83,0
736,0,46,5,130812.91,1,1,1,77981.54,1
657,0,57,8,107174.58,1,1,1,126369.55,1
350,0,54,1,152677.48,1,1,1,191973.49,1
617,0,30,3,132005.77,1,1,0,142940.39,0
562,0,35,7,0,1,0,0,48869.67,0
705,1,23,5,0,2,1,1,73131.73,0
516,1,33,7,127305.5,1,1,1,120037.36,0
573,1,37,6,0,2,1,0,193995.37,0
538,1,31,0,0,2,0,0,179453.66,0
699,0,39,9,0,1,1,0,80963.92,0
504,0,32,8,170291.22,2,0,1,15658.99,0
583,0,47,5,102562.23,1,1,0,92708.1,0
712,0,53,2,111061.01,2,0,0,26542.17,0
626,0,62,3,0,1,1,1,65010.74,0
631,1,34,4,124379.14,1,1,0,106892.91,0
663,1,37,7,0,1,1,1,185210.63,0
506,1,41,3,57745.76,1,1,0,4035.46,0
570,1,50,5,129293.74,1,1,0,177805.44,1
703,1,45,7,0,2,1,1,68831.72,0
698,1,40,8,150777.1,1,1,0,114732.62,0
731,0,41,4,0,2,1,0,22299.27,0
625,0,34,6,0,2,0,0,197283.2,0
634,0,31,9,108632.48,1,1,1,179485.96,1
616,0,59,5,153861.1,1,1,1,17699.48,0
500,0,56,1,100374.58,1,1,0,118490.8,1
446,0,32,8,0,2,0,0,133292.94,0
669,1,47,9,61196.54,1,1,0,58170.24,0
581,0,31,6,116891.72,1,1,0,107137.3,0
704,1,54,6,133656.91,3,1,0,145071.33,1
748,0,44,2,92911.52,1,0,1,85495.24,0
680,1,31,9,119825.75,2,1,1,101139.3,0
655,1,37,7,111852.84,2,1,0,10511.13,0
690,0,32,0,106683.52,2,1,1,137916.49,0
695,0,40,7,139022.24,1,0,1,193383.13,0
700,1,40,4,148571.07,1,1,0,189826.96,1
773,0,52,4,0,1,0,1,144113.42,0
749,0,42,1,129776.72,2,0,1,143538.51,0
611,1,46,5,0,1,1,0,77677.14,1
606,1,46,8,0,2,1,1,183717.94,0
554,0,24,10,0,1,0,0,92180.62,0
567,1,37,7,0,2,1,1,28690.9,0
559,0,24,3,114739.92,1,1,0,85891.02,1
594,0,41,2,122545.65,2,1,1,42050.24,0
513,1,37,6,0,2,1,0,110142.34,0
652,1,26,1,131908.35,1,1,1,179269.79,0
680,1,42,7,105722.69,1,1,1,90558.24,1
784,0,33,10,0,2,1,0,162022.47,0
812,1,44,8,0,3,1,0,66926.83,1
784,1,40,8,0,2,1,0,108891.3,0
570,1,18,4,82767.42,1,1,0,71811.9,0
712,1,42,1,87842.98,1,0,0,92223.59,0
705,0,39,6,133261.13,1,1,1,78065.9,0
681,1,32,3,0,2,1,1,59679.9,0
620,0,41,0,97925.11,1,1,0,85000.32,0
711,0,52,5,0,1,1,1,159808.95,0
613,1,24,7,140453.91,1,1,0,129001.3,0
613,1,20,0,117356.19,1,0,0,113557.7,1
682,0,36,5,0,2,1,1,147758.51,0
850,0,37,4,137204.77,1,1,1,28865.59,0
601,1,41,1,0,2,0,1,160607.06,0
595,0,35,8,0,1,1,0,100015.79,1
675,0,36,3,54098.18,2,0,1,54478.52,0
591,0,31,8,0,1,1,1,141677.33,0
602,0,23,7,113758.48,2,0,0,84077.6,0
554,1,34,8,0,1,0,1,106981.03,0
541,0,37,9,118636.92,1,1,1,73551.44,0
506,0,34,7,0,2,0,0,115842.1,0
814,0,44,8,95488.82,2,0,0,107013.59,0
683,0,30,8,110829.52,2,0,0,24938.84,0
485,0,51,7,144244.59,2,1,0,51113.14,0
696,1,31,8,122021.92,2,1,0,33828.64,0
608,1,30,8,0,2,1,0,128875.86,0
792,0,50,9,0,4,1,1,194700.81,1
686,0,22,5,0,2,1,0,158974.45,0
790,0,42,1,85839.62,1,1,0,198182.73,0
654,1,29,4,96974.97,1,0,1,141404.07,0
452,0,35,4,148172.44,1,1,1,4175.68,0
719,0,38,0,0,1,1,0,126876.47,0
707,1,40,5,0,2,1,0,41052.82,0
699,1,49,2,0,1,0,0,105760.01,0
850,0,30,2,0,2,0,1,27937.12,0
828,0,28,8,134766.85,1,1,0,79355.87,0
850,0,30,5,123210.56,2,1,1,102180.27,0
712,0,47,1,139887.01,1,1,1,95719.73,0
634,0,44,9,149961.11,1,1,0,57121.51,0
730,0,45,6,152880.97,1,0,0,162478.11,0
685,0,43,9,108589.47,2,0,1,194808.51,0
809,0,33,9,0,1,1,1,124045.65,0
707,1,35,3,56674.48,1,1,0,17987.4,1
648,0,32,8,0,1,1,0,133653.38,0
760,1,57,1,0,2,1,1,25101.17,0
805,1,33,3,105663.56,2,0,1,33330.89,0
585,1,39,7,0,2,1,0,2401.26,0
595,1,30,5,100683.54,1,1,1,178361.04,0
630,0,42,6,0,2,1,0,162697.93,0
627,0,29,5,139541.58,2,1,0,80607.33,0
631,1,37,2,121801.72,2,0,1,23146.62,0
776,0,38,5,112281.7,1,0,1,89893.6,0
676,1,36,4,0,2,1,1,3173.31,0
758,1,40,5,93499.82,2,0,0,123218.81,0
637,0,33,0,132255.99,2,0,1,74588.41,0
850,0,20,7,0,2,1,0,31288.77,0
601,1,44,4,0,2,1,0,58561.31,0
735,0,49,5,121973.28,1,1,0,148804.36,0
614,0,32,7,99462.8,2,1,1,51117.06,0
672,1,21,3,165878.76,2,1,1,164537.17,0
642,0,30,8,117494.27,1,0,0,61977.82,0
633,1,29,0,138577.34,1,1,0,193362.99,0
769,0,39,9,0,1,1,1,47722.79,0
796,0,41,8,107525.07,1,1,0,18510.41,0
715,0,23,7,139224.92,2,1,0,65057.71,0
695,1,42,7,121453.63,1,0,0,46374.64,0
747,1,25,4,0,2,0,1,42039.67,0
584,1,54,1,77354.37,1,0,0,138192.98,1
476,0,40,6,0,1,1,1,22735.45,0
850,1,39,7,79259.99,1,0,1,186910.74,0
529,0,30,2,116295.29,1,1,0,75285.47,0
584,1,59,1,0,1,0,1,130260.11,1
586,0,34,9,74309.81,1,1,0,15034.93,0
674,0,34,2,152797.9,1,1,0,175709.4,1
552,0,42,9,133701.07,2,1,0,101069.71,1
601,1,33,7,114430.18,2,1,1,153012.13,0
541,0,29,7,127504.57,1,0,0,86173.92,0
744,1,41,2,84113.41,1,1,0,197548.63,0
595,1,23,10,101126.66,2,0,0,37042.8,0
724,0,33,5,103564.83,2,1,0,121085.72,0
533,1,52,7,0,1,0,1,194113.99,1
618,0,37,2,168178.21,2,0,1,101273.23,0
523,1,39,1,143903.11,1,1,1,118711.75,1
642,1,30,5,129753.69,1,1,0,582.53,0
584,0,35,9,0,2,1,0,192381.21,0
521,0,38,5,110641.18,1,0,1,136507.69,1
662,1,36,4,166909.2,2,1,0,138871.12,1
758,1,34,1,154139.45,1,1,1,60728.89,0
717,0,38,7,97459.06,1,0,0,189175.71,0
611,0,40,1,0,2,1,1,102547.56,0
766,0,43,6,112088.04,2,1,1,36706.56,0
636,1,34,3,0,2,1,1,44756.25,0
814,1,48,7,0,2,1,1,132870.15,0
760,0,28,1,141038.57,2,0,0,16287.38,0
607,0,39,2,84468.67,2,1,1,121945.42,0
725,1,36,4,118520.26,1,0,0,131173.9,1
600,0,37,1,142663.46,1,0,1,88669.89,0
656,0,27,4,118627.16,2,1,1,160835.3,0
640,0,34,1,137523.02,1,0,0,24761.36,0
439,0,28,7,110976.23,2,1,0,138526.96,0
549,1,38,8,107283.4,1,0,0,157442.75,0
622,0,38,5,0,2,0,0,105295.77,0
715,0,34,4,124314.45,1,0,0,97782.92,0
657,1,41,5,95858.37,1,1,1,68255.88,0
703,0,36,2,0,2,1,0,108790.95,0
802,0,33,8,0,2,1,0,143706.18,0
793,1,36,0,0,1,0,0,148993.47,0
554,1,35,6,117707.18,2,0,0,95277.15,1
533,0,38,1,135289.33,2,0,1,152956.33,0
658,0,36,8,174060.46,1,1,1,94925.62,0
713,0,40,3,114446.84,2,1,1,87308.18,0
711,0,37,2,0,2,1,0,83978.86,1
669,0,25,1,157848.53,1,0,0,37543.93,1
439,1,43,8,0,1,0,1,104889.3,0
763,1,37,6,0,2,1,1,149705.25,0
697,1,74,3,108071.36,2,1,1,16445.79,0
702,1,35,8,14262.8,2,1,0,54689.16,0
686,0,41,7,102749.72,1,0,1,194913.86,0
629,0,36,1,161757.87,2,1,1,146371.72,0
823,0,38,1,0,2,1,0,156603.7,0
683,1,35,5,95698.79,1,0,1,182566.76,0
555,0,37,9,124969.13,1,1,0,60194.05,0
647,0,44,4,93960.35,1,1,0,36579.53,1
714,1,51,4,88308.87,3,0,0,5862.53,1
850,1,39,10,0,2,1,1,143030.09,0
713,1,59,3,0,2,1,1,62700.08,0
452,0,30,7,112935.87,1,1,1,99017.34,0
683,1,24,8,98567.1,1,1,0,187987.01,0
577,1,26,1,180530.51,1,0,0,123454.62,0
552,0,33,5,140931.57,1,0,1,10921.5,0
769,1,31,7,148913.72,2,1,0,53817.23,0
691,0,38,7,0,2,0,0,81617.4,0
818,1,49,2,0,1,0,1,192298.84,1
739,0,41,5,0,2,0,0,143882.25,0
639,1,50,6,115335.32,2,1,1,53130.41,0
651,1,65,0,0,2,1,1,190454.04,0
779,1,26,0,0,2,0,1,111906,0
850,1,33,7,134678.13,1,1,0,113177.95,0
829,0,38,9,0,2,1,0,30529.88,0
579,0,31,2,90547.48,2,1,1,18800.13,0
510,0,32,9,103324.78,1,1,1,46127.7,0
531,0,29,3,114590.58,1,0,0,75585.48,0
628,1,36,3,91286.51,1,1,0,63085.94,0
633,0,32,5,163340.12,2,1,1,74415.2,0
714,0,45,8,150900.29,2,0,1,139889.15,0
604,0,23,9,124577.33,1,1,1,7267.25,0
630,0,35,1,0,2,0,0,186826.22,0
850,1,31,4,91292.7,1,1,1,162149.07,0
788,1,57,8,93716.72,1,1,1,180150.49,1
798,1,37,4,111723.08,1,1,1,83478.12,0
770,0,45,4,110765.68,1,1,0,26163.74,1
569,0,25,9,173459.45,2,1,1,44381.06,0
425,1,22,7,169649.73,2,0,1,136365,1
547,1,31,9,0,2,0,0,99294.22,0
725,0,45,8,116917.07,1,0,0,173464.43,1
506,0,37,5,0,2,1,1,127543.81,0
632,1,36,7,0,2,1,1,52526.65,0
620,0,22,0,0,1,1,0,32589.45,0
663,0,32,8,130627.66,1,1,0,47161.25,1
700,1,46,5,56580.95,2,0,1,45424.13,0
696,0,38,6,142316.14,1,1,1,8018.49,0
767,0,31,6,0,2,1,1,195668,0
561,0,56,7,152759,2,1,0,133167.11,1
350,0,39,0,109733.2,2,0,0,123602.11,1
706,0,54,9,117444.51,1,1,1,186238.85,0
464,1,34,5,76001.57,1,1,1,158668.87,0
501,1,34,3,107747.57,1,1,0,9249.36,0
745,1,35,8,0,2,1,1,116581.1,0
587,1,36,1,134997.49,2,1,0,44688.08,0
667,1,48,2,0,2,1,1,148608.39,0
737,0,36,9,0,1,0,1,188670.9,1
485,1,30,7,0,1,1,0,107067.37,0
590,1,37,0,64345.21,1,0,1,61759.33,1
518,1,35,8,141665.63,1,0,1,192776.64,0
581,1,29,8,0,2,1,0,46735.19,0
785,1,33,5,136624.6,2,1,1,169117.74,0
799,1,52,4,161209.66,1,1,1,89081.41,0
698,0,38,10,95010.92,1,1,1,105227.86,0
730,1,41,4,167545.32,1,1,0,128246.81,0
740,1,36,4,109044.6,1,0,0,94554.74,1
785,1,47,9,122031.55,1,1,1,33823.5,1
527,1,29,2,27755.97,1,1,0,97468.44,1
544,1,29,1,118560.55,1,1,1,164137.36,0
705,0,61,4,0,2,1,1,191313.7,0
684,0,34,9,0,2,1,1,65257.57,0
639,1,28,8,97840.72,1,1,1,178222.77,0
565,1,38,2,158651.29,2,1,1,179445.28,0
481,0,44,9,175303.06,1,1,0,65500.53,1
731,0,25,8,96950.21,1,1,0,97877.92,0
607,0,45,7,123859.6,1,0,1,113051.57,0
760,1,32,7,0,2,1,1,105969.05,0
559,1,70,9,0,1,1,1,122996.76,0
715,1,33,3,85227.84,1,1,1,68087.15,0
656,0,36,8,97786.08,2,0,1,21478.36,0
652,0,33,7,128135.99,1,1,0,158437.73,0
624,0,33,6,0,2,0,0,76551.7,0
634,0,36,2,85996.19,1,1,0,15887.68,0
850,1,50,10,0,2,1,1,33741.84,0
659,1,39,1,104502.11,1,1,0,20652.69,0
529,0,35,5,95772.97,1,1,1,112781.5,0
572,0,31,5,98108.79,1,0,1,119996.95,0
640,0,39,9,131607.28,4,0,1,6981.43,1
770,0,55,9,63127.41,2,1,0,185211.28,1
648,0,35,7,0,2,1,1,78436.36,0
579,0,31,9,0,1,0,1,139048,0
589,1,36,9,140355.56,2,1,0,136329.96,0
530,1,36,2,0,2,1,1,14721.8,0
831,0,30,2,0,2,0,1,3430.38,0
790,0,24,7,107418.27,1,0,1,160450.21,0
656,0,35,6,0,2,1,0,1485.27,0
563,0,32,6,0,2,1,1,19720.08,0
667,0,39,7,167557.12,1,1,1,41183.02,0
613,0,34,8,117300.02,1,1,0,139410.08,0
429,0,60,7,0,2,1,1,163691.48,0
665,1,23,9,143672.9,1,1,1,115147.33,0
731,0,33,4,0,2,1,1,74945.11,0
584,1,37,1,0,2,1,1,180363.56,0
634,1,31,8,76798.92,1,0,0,196021.73,0
488,0,34,3,0,2,1,1,125979.36,0
535,1,49,7,115309.75,1,1,0,111421.77,0
776,1,29,7,178171.04,2,1,1,115818.51,0
850,1,38,3,0,2,0,1,179360.76,0
673,1,37,0,0,2,0,0,82351.06,0
850,1,45,5,127258.79,1,1,1,192744.23,1
627,1,30,6,0,1,1,1,113408.47,0
570,1,33,8,0,1,1,1,124641.42,0
796,0,67,5,0,2,0,1,54871.02,0
773,1,33,10,0,1,1,1,98820.09,0
752,0,36,2,0,2,1,1,45570.84,0
625,1,69,1,107569.96,1,1,1,182336.45,0
535,0,20,9,134874.4,1,1,1,118825.56,0
786,1,29,4,0,2,1,0,103372.79,0
620,1,67,3,0,2,1,1,43486.73,0
605,1,48,6,0,2,1,1,40062.99,0
670,1,32,3,0,2,1,0,46175.7,0
617,0,42,0,70105.87,1,1,1,120830.73,0
595,0,41,9,0,2,1,0,5967.09,0
687,1,29,4,78939.15,1,1,0,122134.56,1
757,0,30,6,105128.85,2,1,1,62972.13,0
746,0,31,2,113836.27,1,1,1,174815.54,0
503,0,25,7,0,1,0,1,192841.13,0
543,0,48,1,100900.5,1,0,0,33310.72,1
428,1,40,3,129248.11,2,1,0,72876.43,1
768,1,28,3,109118.05,2,0,1,50911.41,0
618,0,56,7,0,1,1,1,142400.27,1
591,1,31,7,0,2,0,1,48778.46,0
658,1,35,5,126397.66,1,0,0,156361.58,1
625,0,36,9,108546.16,3,1,0,133807.77,1
717,0,36,2,148061.89,1,1,0,179128.69,1
667,0,44,8,122277.87,1,1,1,91810.71,0
804,0,24,3,0,2,1,0,173195.33,0
693,0,31,1,0,2,0,1,182270.88,0
729,0,36,8,152899.24,2,1,0,177130.33,0
484,0,54,3,134388.11,1,0,0,49954.79,1
632,1,40,3,109740.62,1,1,0,141896.74,0
536,0,23,6,92366.72,2,1,0,120661.71,0
573,1,26,4,129109.02,1,0,0,149814.68,1
655,1,56,5,0,2,1,1,41782.7,0
666,0,74,7,105102.5,1,1,1,46172.47,0
726,0,30,5,111375.32,2,1,0,2704.09,0
523,0,39,3,0,2,1,0,6726.53,0
728,1,33,9,150412.14,2,1,0,170764.08,0
701,0,30,3,156660.72,2,1,0,45742.42,0
518,0,38,3,90957.81,1,0,1,162304.59,0
739,0,37,7,104960.46,1,0,1,80883.82,0
531,1,31,7,117052.82,1,1,0,118508.09,1
452,0,44,3,88915.85,1,1,0,69697.74,0
684,0,45,6,148071.39,1,1,0,183575.01,0
728,0,39,6,152182.83,1,0,0,161203.6,0
783,0,39,9,0,2,1,0,143752.77,0
734,0,22,5,130056.23,1,0,0,121894.31,1
648,0,34,3,95039.73,2,1,1,147055.87,0
688,0,52,1,0,2,1,1,172033.57,0
680,0,35,9,0,2,0,0,143774.06,0
516,1,43,2,112773.73,2,1,1,139366.58,0
680,1,37,10,123806.28,1,1,0,81776.84,1
604,0,53,8,144453.75,1,1,0,190998.96,1
624,0,27,9,94667.29,2,0,1,4470.52,0
623,0,21,10,0,2,0,1,135851.3,0
624,0,51,5,174397.21,2,1,1,172372.63,0
565,1,58,3,108888.24,3,0,1,135875.51,1
565,0,55,4,118803.35,2,1,1,128124.7,1
710,0,54,6,171137.62,1,1,1,167023.95,1
645,0,42,6,0,1,0,0,149807.01,0
707,0,33,8,136678.52,1,1,0,54290.62,0
655,1,36,1,135515.76,1,1,0,86013.96,0
705,1,24,5,177799.83,2,0,0,79886.06,0
358,1,52,8,143542.36,3,1,0,141959.11,1
578,0,34,8,147487.23,2,1,0,66680.77,0
800,1,40,5,97764.41,1,1,0,98640.15,1
612,1,33,9,0,1,0,0,142797.5,1
681,1,48,8,139480.18,1,1,1,163581.67,0
559,0,25,5,0,2,1,1,163221.22,0
488,1,39,9,140553.46,1,0,0,12440.44,0
717,1,36,5,0,2,1,1,145551.6,0
666,1,41,10,141162.08,1,1,0,50908.48,0
582,0,26,4,65848.36,2,1,0,30149.21,0
733,1,30,0,83319.28,1,0,0,57769.2,0
693,0,41,4,0,2,0,0,156381.47,0
694,1,33,4,129731.64,2,1,0,178123.86,0
622,1,35,5,0,2,1,0,51112.8,0
598,1,38,6,0,2,0,0,173783.38,0
717,0,35,1,0,3,0,0,174770.14,1
494,0,37,5,107106.33,2,1,0,172063.09,0
644,0,33,8,0,2,1,1,155294.17,0
554,1,30,9,0,2,1,1,40320.3,0
476,1,69,1,105303.73,1,0,1,134260.34,0
667,0,28,6,165798.1,1,1,0,147090.9,0
748,1,40,4,0,2,1,0,132368.47,0
531,1,45,1,126495.57,2,1,1,164741.5,0
719,1,47,9,116393.59,1,1,0,63051.32,1
845,1,41,2,81733.74,2,0,0,199761.29,0
738,0,54,4,0,1,0,1,55725.04,1
563,1,46,8,106171.68,1,1,0,163145.5,1
695,0,28,0,96020.86,1,1,1,57992.49,0
841,0,41,1,0,2,0,1,193093.77,0
626,0,36,2,181671.16,2,1,1,57531.14,0
613,1,29,6,185709.28,2,1,1,77242.19,0
824,0,60,8,134250.17,3,0,0,153046.16,1
705,1,49,7,0,1,1,0,63405.2,1
584,1,44,5,95671.75,2,1,1,106564.88,0
534,0,62,2,0,2,0,0,42763.12,1
672,1,34,1,142151.75,2,1,1,168753.34,0
603,0,43,5,127823.93,1,1,1,19483.35,0
633,0,43,3,144164.29,1,1,1,158646.46,0
